ID,Gender,Status,Children,Est Income,Car Owner,Age,AvgMonthlySpend,CustomerSupportCalls,Paymethod,MembershipPlan
11,"M","S",2.000000,96.330000,"N",56.473333,32.880000,1.000000,"CC",1.000000
14,"F","M",2.000000,52004.800000,"N",25.140000,23.110000,0.000000,"CH",1.000000
22,"M","S",1.000000,57626.900000,"Y",43.906667,38.960000,0.000000,"CC",2.000000
23,"M","M",2.000000,20078.000000,"N",32.846667,6.330000,0.000000,"CC",4.000000
35,"F","S",0.000000,78851.300000,"N",48.373333,28.660000,0.000000,"CC",4.000000
36,"F","S",1.000000,17540.700000,"Y",62.786667,13.450000,0.000000,"Auto",4.000000
53,"F","M",1.000000,57063.000000,"Y",52.333333,81.300000,0.000000,"CH",4.000000
61,"M","S",2.000000,100020.000000,"N",50.000000,293.240000,0.000000,"CH",4.000000
63,"F","M",2.000000,59613.100000,"N",34.320000,163.410000,0.000000,"CC",1.000000
73,"F","M",2.000000,83284.100000,"Y",28.420000,9.040000,0.000000,"Auto",4.000000
78,"F","M",0.000000,72642.600000,"N",27.646667,20.340000,0.000000,"CH",4.000000
80,"F","S",2.000000,66182.700000,"Y",62.480000,47.170000,0.000000,"Auto",2.000000
81,"F","M",2.000000,84789.300000,"N",50.433333,10.450000,0.000000,"CH",4.000000
84,"F","M",0.000000,32703.100000,"Y",64.920000,56.090000,0.000000,"CC",4.000000
87,"M","M",1.000000,97180.400000,"N",50.600000,45.660000,0.000000,"CC",4.000000
87,"M","M",1.000000,97180.400000,"N",50.600000,45.660000,0.000000,"CC",4.000000
89,"F","S",2.000000,38280.000000,"N",33.740000,74.970000,0.000000,"Auto",4.000000
90,"M","S",0.000000,64136.600000,"Y",61.106667,125.150000,0.000000,"CC",2.000000
94,"F","S",0.000000,25285.500000,"N",53.986667,11.930000,0.000000,"CC",1.000000
95,"F","M",2.000000,77551.100000,"Y",33.600000,41.890000,1.000000,"CC",2.000000
96,"F","M",0.000000,38538.400000,"N",12.326667,16.480000,0.000000,"CC",3.000000
104,"M","S",2.000000,43634.500000,"N",21.780000,104.640000,0.000000,"CC",1.000000
109,"M","S",1.000000,92647.500000,"N",56.046667,10.340000,0.000000,"CC",4.000000
110,"F","S",2.000000,21021.600000,"Y",62.753333,11.190000,0.000000,"CC",3.000000
111,"M","S",0.000000,74460.700000,"Y",55.340000,179.930000,0.000000,"CC",2.000000
114,"F","S",2.000000,28787.400000,"N",41.666667,58.090000,0.000000,"Auto",2.000000
120,"F","M",2.000000,62061.800000,"Y",45.920000,52.220000,0.000000,"Auto",2.000000
121,"F","M",1.000000,20550.900000,"Y",22.120000,57.060000,0.000000,"CC",3.000000
124,"M","M",2.000000,1765.410000,"N",18.766667,44.950000,0.000000,"CC",4.000000
127,"F","S",2.000000,19131.100000,"N",56.186667,34.910000,0.000000,"Auto",2.000000
136,"M","M",2.000000,22358.100000,"N",52.626667,12.190000,0.000000,"CC",1.000000
140,"F","S",0.000000,7325.500000,"N",36.920000,161.540000,0.000000,"CC",2.000000
158,"M","M",2.000000,1406.050000,"Y",19.306667,15.170000,0.000000,"CC",1.000000
161,"F","S",2.000000,76231.900000,"N",63.806667,150.750000,0.000000,"Auto",2.000000
166,"M","M",1.000000,64792.300000,"N",52.146667,36.840000,0.000000,"CH",3.000000
174,"M","M",1.000000,63437.300000,"N",63.653333,10.940000,0.000000,"CC",4.000000
180,"M","M",0.000000,76161.400000,"Y",44.573333,25.580000,0.000000,"CC",4.000000
182,"F","S",1.000000,12686.000000,"N",64.800000,80.640000,0.000000,"Auto",2.000000
190,"M","M",2.000000,57360.800000,"Y",53.253333,57.250000,0.000000,"CC",1.000000
192,"M","M",1.000000,60102.700000,"N",42.140000,62.440000,1.000000,"CH",3.000000
194,"F","M",2.000000,17888.700000,"N",55.000000,332.460000,0.000000,"CC",1.000000
195,"F","S",1.000000,12526.300000,"N",53.553333,28.860000,0.000000,"CC",2.000000
195,"F","S",1.000000,12526.300000,"N",53.553333,28.860000,0.000000,"CC",2.000000
198,"F","S",2.000000,14578.800000,"Y",60.933333,95.100000,0.000000,"Auto",1.000000
203,"F","M",2.000000,48238.800000,"N",34.706667,168.030000,0.000000,"CC",4.000000
207,"F","M",2.000000,86695.400000,"N",13.906667,32.090000,0.000000,"CC",2.000000
213,"F","D",0.000000,30763.800000,"Y",14.193333,35.850000,0.000000,"CC",4.000000
218,"F","M",0.000000,83287.000000,"N",45.486667,90.180000,4.000000,"Auto",3.000000
220,"F","M",2.000000,7776.600000,"N",35.706667,68.330000,0.000000,"CC",4.000000
225,"F","M",0.000000,77000.000000,"N",55.000000,23.890000,2.000000,"Auto",4.000000
228,"F","M",0.000000,14932.500000,"N",52.000000,6.500000,0.000000,"CC",1.000000
229,"F","S",0.000000,27498.100000,"N",42.000000,9.880000,0.000000,"CC",4.000000
234,"F","M",2.000000,50561.300000,"N",52.000000,113.310000,1.000000,"CH",2.000000
236,"F","S",2.000000,23464.000000,"Y",70.000000,41.710000,0.000000,"CC",3.000000
241,"F","S",0.000000,85275.000000,"N",47.000000,151.610000,0.000000,"Auto",2.000000
244,"F","M",2.000000,94026.800000,"Y",27.746667,10.620000,0.000000,"CC",3.000000
246,"F","S",2.000000,57420.000000,"Y",61.000000,252.530000,1.000000,"Auto",2.000000
247,"M","M",0.000000,77000.000000,"N",44.000000,26.690000,1.000000,"CH",4.000000
249,"M","M",2.000000,47639.100000,"N",48.000000,39.620000,0.000000,"CC",4.000000
250,"F","M",2.000000,63234.500000,"Y",52.360000,1.160000,0.000000,"CH",3.000000
254,"F","M",2.000000,18296.400000,"Y",42.626667,10.390000,0.000000,"CC",3.000000
260,"F","M",2.000000,52957.000000,"Y",39.746667,125.520000,2.000000,"CH",2.000000
266,"F","S",0.000000,2121.360000,"N",39.786667,36.780000,1.000000,"CC",3.000000
267,"F","M",2.000000,63566.100000,"Y",56.300000,65.090000,0.000000,"CH",2.000000
272,"F","M",2.000000,82644.200000,"Y",33.493333,19.880000,0.000000,"CC",4.000000
284,"F","S",2.000000,19008.400000,"Y",52.166667,137.190000,0.000000,"CC",4.000000
286,"M","M",0.000000,73400.000000,"Y",64.226667,2.210000,0.000000,"CH",4.000000
288,"M","M",0.000000,78894.200000,"N",28.000000,43.230000,0.000000,"CH",2.000000
290,"M","M",0.000000,62797.900000,"N",54.446667,55.480000,0.000000,"CH",1.000000
290,"M","M",0.000000,62797.900000,"N",54.446667,55.480000,0.000000,"CH",1.000000
295,"F","S",0.000000,20913.600000,"N",53.013333,65.770000,0.000000,"CC",4.000000
302,"M","M",2.000000,67339.800000,"N",17.006667,48.690000,0.000000,"CC",2.000000
306,"F","S",0.000000,43382.300000,"N",16.073333,99.940000,0.000000,"CH",2.000000
308,"F","S",0.000000,5185.310000,"N",62.053333,30.510000,0.000000,"CC",2.000000
308,"F","S",0.000000,5185.310000,"N",62.053333,30.510000,0.000000,"CC",2.000000
312,"F","M",2.000000,80087.700000,"N",41.920000,22.820000,0.000000,"CC",4.000000
315,"F","S",2.000000,11251.100000,"Y",61.000000,113.480000,0.000000,"CC",2.000000
317,"M","M",0.000000,70908.700000,"N",49.620000,43.200000,0.000000,"CC",4.000000
318,"M","S",0.000000,94928.300000,"N",40.180000,73.740000,0.000000,"CH",4.000000
322,"M","M",0.000000,78000.000000,"Y",52.266667,18.840000,0.000000,"CC",3.000000
326,"M","M",0.000000,100020.000000,"Y",52.266667,62.810000,0.000000,"CH",4.000000
333,"F","M",0.000000,73400.000000,"Y",55.633333,10.220000,0.000000,"Auto",2.000000
339,"F","S",0.000000,92564.100000,"Y",49.133333,51.680000,0.000000,"Auto",3.000000
341,"M","S",0.000000,86448.200000,"Y",38.133333,82.190000,0.000000,"CC",2.000000
343,"F","M",2.000000,48322.500000,"Y",49.333333,43.600000,0.000000,"CC",1.000000
350,"F","M",2.000000,69486.800000,"N",30.946667,9.390000,1.000000,"CC",1.000000
351,"F","M",2.000000,24482.800000,"N",33.533333,2.000000,0.000000,"CH",4.000000
354,"F","M",2.000000,92103.800000,"N",52.153333,7.430000,0.000000,"CC",3.000000
355,"F","S",2.000000,8392.140000,"Y",36.680000,54.800000,0.000000,"CH",3.000000
358,"F","M",2.000000,47010.100000,"N",57.406667,164.760000,0.000000,"CC",1.000000
372,"M","M",1.000000,76511.300000,"N",62.080000,17.370000,0.000000,"CC",2.000000
374,"F","M",1.000000,6946.070000,"N",23.000000,8.840000,0.000000,"CH",2.000000
384,"M","S",0.000000,83287.000000,"N",45.486667,35.730000,0.000000,"CC",2.000000
386,"M","M",0.000000,12387.600000,"N",56.173333,65.930000,0.000000,"Auto",2.000000
388,"F","M",1.000000,82931.300000,"N",64.640000,118.000000,0.000000,"Auto",2.000000
389,"F","M",2.000000,57483.900000,"N",44.026667,27.290000,0.000000,"CH",2.000000
391,"F","S",2.000000,21274.000000,"N",45.526667,32.430000,0.000000,"Auto",2.000000
392,"F","M",2.000000,28267.000000,"N",30.093333,192.530000,0.000000,"CC",2.000000
394,"F","M",2.000000,36725.100000,"N",55.793333,77.000000,0.000000,"CH",2.000000
398,"M","S",1.000000,94188.300000,"N",57.546667,19.780000,0.000000,"CC",2.000000
422,"F","M",2.000000,38215.900000,"N",30.886667,0.970000,0.000000,"Auto",2.000000
423,"F","M",1.000000,13829.400000,"N",22.000000,160.420000,0.000000,"CC",1.000000
427,"F","M",2.000000,98003.700000,"Y",26.273333,83.390000,0.000000,"CC",1.000000
428,"M","S",0.000000,89142.700000,"N",33.000000,5.010000,0.000000,"CC",2.000000
439,"F","D",1.000000,9309.570000,"Y",24.000000,99.730000,0.000000,"CC",2.000000
440,"F","M",1.000000,14085.500000,"N",23.000000,26.780000,0.000000,"Auto",1.000000
441,"F","S",0.000000,32962.600000,"N",19.000000,154.770000,0.000000,"CC",2.000000
455,"F","M",2.000000,64816.600000,"Y",31.126667,6.870000,0.000000,"CC",2.000000
456,"F","M",2.000000,98217.100000,"N",44.980000,13.240000,0.000000,"CC",1.000000
463,"M","M",0.000000,69168.400000,"Y",62.426667,214.730000,0.000000,"CC",2.000000
472,"F","M",0.000000,59008.400000,"Y",30.180000,18.730000,0.000000,"CC",1.000000
474,"M","S",1.000000,84978.100000,"N",21.640000,76.070000,0.000000,"CH",1.000000
474,"M","S",1.000000,84978.100000,"N",21.640000,76.070000,0.000000,"CH",1.000000
477,"F","S",1.000000,73338.000000,"N",48.246667,9.010000,0.000000,"Auto",3.000000
478,"F","S",0.000000,433.740000,"N",60.746667,40.910000,0.000000,"CC",1.000000
481,"M","M",2.000000,10708.300000,"N",26.026667,117.260000,0.000000,"CH",3.000000
510,"F","M",2.000000,56187.000000,"N",42.000000,13.740000,0.000000,"CH",2.000000
526,"F","M",2.000000,52004.800000,"N",25.140000,23.110000,0.000000,"CH",1.000000
533,"M","M",0.000000,19749.300000,"N",60.366667,13.940000,0.000000,"CC",1.000000
536,"F","M",2.000000,47902.000000,"N",26.033333,49.920000,1.000000,"Auto",4.000000
541,"M","M",1.000000,7545.960000,"Y",16.753333,178.360000,0.000000,"CC",3.000000
547,"F","S",0.000000,78851.300000,"N",48.373333,28.660000,0.000000,"CC",4.000000
549,"F","M",0.000000,83891.900000,"Y",61.020000,45.470000,0.000000,"CH",4.000000
550,"F","M",2.000000,28220.800000,"N",38.766667,12.460000,0.000000,"CC",4.000000
550,"F","M",2.000000,28220.800000,"N",38.766667,12.460000,0.000000,"CC",4.000000
554,"F","M",2.000000,5237.630000,"N",48.753333,56.640000,0.000000,"CC",1.000000
560,"F","S",1.000000,13576.500000,"N",39.426667,25.660000,0.000000,"CC",4.000000
564,"F","M",2.000000,67388.000000,"N",53.120000,91.040000,1.000000,"CC",3.000000
565,"F","M",1.000000,57063.000000,"Y",52.333333,81.300000,0.000000,"CH",4.000000
572,"F","S",1.000000,7737.940000,"N",42.666667,50.840000,0.000000,"CC",2.000000
572,"F","S",1.000000,7737.940000,"N",42.666667,50.840000,0.000000,"CC",2.000000
577,"F","S",1.000000,16326.700000,"N",50.613333,1.340000,0.000000,"CC",2.000000
585,"F","M",2.000000,83284.100000,"Y",28.420000,9.040000,0.000000,"Auto",3.000000
591,"F","S",0.000000,98716.300000,"N",55.660000,13.920000,0.000000,"CC",4.000000
593,"F","S",2.000000,84789.300000,"N",50.433333,10.450000,0.000000,"CH",4.000000
595,"F","M",2.000000,35976.500000,"Y",48.853333,31.780000,0.000000,"Auto",4.000000
596,"F","M",0.000000,32703.100000,"Y",64.920000,56.090000,0.000000,"CC",4.000000
601,"F","S",2.000000,38280.000000,"N",33.740000,74.970000,0.000000,"Auto",4.000000
602,"M","S",0.000000,64136.600000,"Y",61.106667,125.150000,0.000000,"CC",2.000000
602,"M","S",0.000000,64136.600000,"Y",61.106667,125.150000,0.000000,"CC",2.000000
620,"F","S",1.000000,13109.100000,"N",62.606667,40.480000,0.000000,"Auto",4.000000
621,"M","S",1.000000,92647.500000,"N",56.046667,10.340000,0.000000,"CC",4.000000
622,"M","S",2.000000,21021.600000,"Y",62.753333,11.190000,0.000000,"CC",2.000000
623,"M","S",0.000000,74460.700000,"Y",55.340000,179.930000,0.000000,"CC",3.000000
623,"M","S",0.000000,74460.700000,"Y",55.340000,179.930000,0.000000,"CC",3.000000
626,"F","S",2.000000,28787.400000,"N",41.666667,58.090000,0.000000,"Auto",3.000000
633,"F","M",1.000000,20550.900000,"Y",22.120000,57.060000,0.000000,"CC",4.000000
639,"F","S",2.000000,19131.100000,"N",56.186667,34.910000,0.000000,"Auto",1.000000
647,"F","S",2.000000,2842.550000,"N",45.920000,0.790000,0.000000,"Auto",4.000000
703,"M","M",1.000000,92414.700000,"Y",45.513333,10.620000,0.000000,"CC",4.000000
706,"F","M",2.000000,17888.700000,"N",43.000000,332.460000,0.000000,"CC",4.000000
713,"M","M",0.000000,78572.200000,"Y",42.346667,29.280000,1.000000,"CC",3.000000
713,"M","M",0.000000,78572.200000,"Y",42.346667,29.280000,1.000000,"CC",3.000000
714,"M","M",1.000000,3933.740000,"N",17.860000,47.910000,0.000000,"CC",2.000000
715,"F","M",2.000000,48238.800000,"N",34.706667,168.030000,0.000000,"CC",1.000000
719,"F","M",2.000000,86695.400000,"N",13.906667,32.090000,0.000000,"CC",2.000000
721,"F","S",2.000000,76791.200000,"N",47.000000,23.000000,0.000000,"CC",1.000000
725,"F","S",0.000000,30763.800000,"Y",14.193333,35.850000,0.000000,"CC",4.000000
731,"M","S",1.000000,2056.060000,"Y",18.940000,27.750000,0.000000,"Auto",4.000000
732,"F","M",2.000000,7776.600000,"N",35.706667,68.330000,0.000000,"CC",3.000000
733,"M","M",1.000000,2067.820000,"N",47.853333,70.650000,0.000000,"CC",2.000000
736,"F","M",2.000000,69343.300000,"N",42.166667,15.540000,0.000000,"CC",2.000000
737,"F","M",0.000000,83287.000000,"N",44.000000,23.890000,2.000000,"Auto",2.000000
741,"F","S",0.000000,27498.100000,"N",52.646667,9.880000,0.000000,"CC",4.000000
746,"F","M",2.000000,50561.300000,"N",46.000000,113.310000,1.000000,"CH",2.000000
748,"F","S",2.000000,23464.000000,"Y",61.000000,41.710000,0.000000,"CC",3.000000
754,"F","M",1.000000,66921.400000,"Y",46.000000,8.970000,0.000000,"CC",1.000000
756,"F","M",2.000000,94026.800000,"Y",27.746667,10.620000,0.000000,"CC",2.000000
759,"M","M",0.000000,66666.000000,"N",45.486667,26.690000,1.000000,"CC",1.000000
761,"M","M",2.000000,47639.100000,"N",41.000000,39.620000,0.000000,"CC",4.000000
771,"M","M",1.000000,47371.000000,"Y",54.960000,258.290000,0.000000,"CC",4.000000
773,"F","S",2.000000,86747.100000,"N",64.853333,37.240000,0.000000,"Auto",4.000000
775,"F","M",1.000000,87404.600000,"N",63.186667,139.200000,0.000000,"Auto",2.000000
782,"F","S",0.000000,89813.600000,"N",12.846667,149.260000,0.000000,"CC",4.000000
785,"F","S",1.000000,27783.600000,"N",14.040000,18.070000,0.000000,"CC",2.000000
788,"F","M",2.000000,60485.500000,"N",41.666667,28.700000,0.000000,"Auto",3.000000
791,"F","M",2.000000,809.430000,"Y",31.913333,2.890000,0.000000,"CH",4.000000
793,"F","M",2.000000,34577.700000,"N",63.253333,116.570000,3.000000,"CH",4.000000
795,"F","M",0.000000,66666.000000,"N",67.000000,45.460000,0.000000,"Auto",1.000000
796,"F","S",2.000000,19008.400000,"Y",52.166667,137.190000,0.000000,"CC",4.000000
796,"F","S",2.000000,19008.400000,"Y",52.166667,137.190000,0.000000,"CC",4.000000
798,"M","M",0.000000,80000.000000,"Y",53.213333,2.210000,0.000000,"CH",1.000000
800,"M","M",0.000000,78894.200000,"N",52.740000,43.230000,0.000000,"CH",3.000000
801,"M","S",1.000000,16432.100000,"Y",20.920000,80.470000,0.000000,"CH",4.000000
802,"M","S",1.000000,62797.900000,"N",32.000000,55.480000,0.000000,"CH",2.000000
803,"M","S",1.000000,71329.900000,"Y",42.233333,45.920000,0.000000,"CC",3.000000
810,"F","S",1.000000,540.400000,"Y",39.213333,7.750000,0.000000,"Auto",3.000000
814,"M","M",2.000000,67339.800000,"N",17.006667,48.690000,0.000000,"CC",3.000000
818,"F","S",0.000000,43382.300000,"N",16.073333,99.940000,0.000000,"CH",3.000000
821,"F","D",1.000000,13011.400000,"N",16.060000,108.440000,0.000000,"CC",3.000000
822,"F","S",0.000000,35000.000000,"N",22.433333,75.270000,0.000000,"CH",4.000000
822,"F","S",0.000000,35000.000000,"N",22.433333,75.270000,0.000000,"CH",4.000000
825,"F","M",2.000000,59691.300000,"N",38.040000,256.700000,0.000000,"CC",1.000000
829,"M","M",1.000000,70908.700000,"N",49.620000,43.200000,0.000000,"CC",1.000000
830,"M","S",0.000000,94928.300000,"N",40.180000,73.740000,0.000000,"CC",1.000000
834,"M","M",0.000000,100020.000000,"Y",52.266667,18.840000,0.000000,"CC",4.000000
843,"M","M",1.000000,120000.000000,"N",53.213333,3.220000,0.000000,"CC",1.000000
845,"F","M",0.000000,78000.000000,"Y",55.633333,10.220000,0.000000,"Auto",3.000000
846,"M","M",0.000000,73400.000000,"Y",53.213333,25.620000,0.000000,"CC",2.000000
849,"M","M",0.000000,5745.000000,"Y",15.380000,17.710000,0.000000,"CC",1.000000
853,"M","S",0.000000,68000.000000,"Y",49.000000,82.190000,0.000000,"CH",3.000000
865,"F","M",0.000000,14573.600000,"N",64.606667,236.970000,0.000000,"CC",4.000000
868,"F","S",0.000000,17138.200000,"N",63.786667,84.670000,0.000000,"CC",2.000000
868,"F","S",0.000000,17138.200000,"N",63.786667,84.670000,0.000000,"CC",2.000000
878,"M","M",1.000000,20818.500000,"N",12.680000,47.850000,0.000000,"Auto",2.000000
886,"F","M",1.000000,34555.000000,"N",23.000000,8.840000,0.000000,"CH",4.000000
896,"M","S",0.000000,80000.000000,"N",41.000000,35.730000,0.000000,"CC",3.000000
910,"M","S",1.000000,94188.300000,"N",57.546667,19.780000,0.000000,"CC",4.000000
916,"F","S",1.000000,12374.900000,"Y",33.493333,106.100000,0.000000,"Auto",1.000000
917,"F","M",2.000000,69133.900000,"Y",26.833333,37.730000,0.000000,"CH",1.000000
917,"F","M",2.000000,69133.900000,"Y",26.833333,37.730000,0.000000,"CH",1.000000
920,"F","M",2.000000,30998.800000,"N",40.960000,50.500000,0.000000,"Auto",3.000000
930,"M","S",1.000000,78554.200000,"N",16.700000,23.030000,0.000000,"Auto",2.000000
933,"M","M",0.000000,60101.100000,"Y",63.766667,124.140000,2.000000,"CH",2.000000
934,"F","M",2.000000,38215.900000,"N",30.886667,0.970000,0.000000,"Auto",4.000000
935,"F","M",1.000000,13829.400000,"N",20.000000,160.420000,0.000000,"CC",1.000000
936,"F","M",2.000000,49745.300000,"N",47.966667,24.440000,0.000000,"CH",2.000000
940,"M","S",0.000000,89142.700000,"N",53.693333,5.010000,0.000000,"CC",4.000000
952,"F","M",1.000000,40120.000000,"N",22.000000,26.780000,0.000000,"Auto",4.000000
953,"F","S",0.000000,40120.000000,"N",24.000000,154.770000,0.000000,"CC",3.000000
958,"F","S",1.000000,40120.000000,"N",21.000000,106.300000,0.000000,"CC",1.000000
968,"F","M",2.000000,98217.100000,"N",44.980000,13.240000,0.000000,"CC",4.000000
974,"F","S",0.000000,15989.300000,"N",61.693333,25.490000,1.000000,"CC",3.000000
975,"M","M",0.000000,69168.400000,"Y",62.426667,214.730000,0.000000,"CC",3.000000
979,"M","S",0.000000,80221.200000,"N",29.026667,49.560000,0.000000,"Auto",2.000000
982,"F","M",0.000000,77994.000000,"N",50.553333,89.620000,0.000000,"CH",1.000000
982,"F","M",0.000000,77994.000000,"N",50.553333,89.620000,0.000000,"CH",1.000000
988,"F","S",0.000000,64319.200000,"N",41.226667,37.150000,0.000000,"CH",1.000000
988,"F","S",0.000000,64319.200000,"N",41.226667,37.150000,0.000000,"CH",1.000000
989,"F","S",1.000000,73338.000000,"N",48.246667,9.010000,0.000000,"Auto",2.000000
990,"F","S",0.000000,433.740000,"N",60.746667,40.910000,0.000000,"CC",2.000000
991,"F","M",2.000000,16962.200000,"N",45.360000,8.960000,0.000000,"CC",2.000000
993,"M","M",2.000000,10708.300000,"N",26.026667,117.260000,0.000000,"CH",1.000000
1000,"F","S",2.000000,16938.500000,"N",52.000000,8.760000,0.000000,"CH",3.000000
1007,"M","S",2.000000,63152.600000,"Y",63.173333,40.070000,0.000000,"CC",1.000000
1010,"F","S",0.000000,42760.500000,"N",47.000000,40.230000,0.000000,"CC",4.000000
1012,"F","M",0.000000,27371.800000,"Y",52.646667,126.550000,0.000000,"CC",3.000000
1020,"M","S",0.000000,90321.600000,"N",55.113333,11.520000,0.000000,"CC",3.000000
1020,"M","S",0.000000,90321.600000,"N",55.113333,11.520000,0.000000,"CC",3.000000
1046,"M","S",1.000000,57626.900000,"Y",43.906667,38.960000,0.000000,"CC",1.000000
1053,"M","M",1.000000,7545.960000,"Y",16.753333,178.360000,0.000000,"CC",2.000000
1059,"F","S",0.000000,78851.300000,"N",48.373333,28.660000,0.000000,"CC",3.000000
1062,"F","M",2.000000,28220.800000,"N",38.766667,12.460000,0.000000,"CC",4.000000
1064,"F","S",0.000000,28589.100000,"N",15.600000,87.090000,0.000000,"CC",1.000000
1064,"F","S",0.000000,28589.100000,"N",15.600000,87.090000,0.000000,"CC",1.000000
1066,"F","M",2.000000,5237.630000,"N",48.753333,56.640000,0.000000,"CC",3.000000
1076,"F","M",2.000000,67388.000000,"N",53.120000,91.040000,1.000000,"CC",4.000000
1077,"F","M",1.000000,57063.000000,"Y",52.333333,81.300000,0.000000,"CH",4.000000
1086,"F","M",2.000000,45287.600000,"Y",29.026667,2.970000,0.000000,"CC",2.000000
1087,"F","M",2.000000,59613.100000,"N",34.320000,163.410000,0.000000,"CC",4.000000
1089,"F","S",1.000000,16326.700000,"N",50.613333,1.340000,0.000000,"CC",2.000000
1095,"F","M",2.000000,42031.800000,"N",50.753333,39.330000,0.000000,"CH",4.000000
1101,"M","S",0.000000,3601.710000,"N",49.266667,111.840000,0.000000,"Auto",4.000000
1103,"F","S",0.000000,98716.300000,"N",55.660000,13.920000,0.000000,"CC",4.000000
1104,"F","S",2.000000,66182.700000,"Y",62.480000,47.170000,0.000000,"Auto",4.000000
1107,"F","M",2.000000,35976.500000,"Y",48.853333,31.780000,0.000000,"Auto",4.000000
1107,"F","M",2.000000,35976.500000,"Y",48.853333,31.780000,0.000000,"Auto",4.000000
1113,"F","S",2.000000,38280.000000,"N",33.740000,74.970000,0.000000,"Auto",2.000000
1114,"M","S",0.000000,64136.600000,"Y",61.106667,125.150000,0.000000,"CC",1.000000
1114,"M","S",0.000000,64136.600000,"Y",61.106667,125.150000,0.000000,"CC",1.000000
1116,"F","M",2.000000,45429.700000,"Y",61.713333,73.040000,0.000000,"CH",2.000000
1120,"F","M",0.000000,38538.400000,"N",12.326667,16.480000,0.000000,"CC",1.000000
1128,"M","S",2.000000,43634.500000,"N",21.780000,104.640000,0.000000,"CC",2.000000
1132,"F","S",1.000000,13109.100000,"N",62.606667,40.480000,0.000000,"Auto",1.000000
1133,"M","S",1.000000,92647.500000,"N",56.046667,10.340000,0.000000,"CC",2.000000
1141,"M","M",1.000000,13091.600000,"N",59.126667,20.260000,0.000000,"CC",4.000000
1144,"F","M",2.000000,62061.800000,"Y",45.920000,52.220000,0.000000,"Auto",1.000000
1159,"F","S",2.000000,2842.550000,"N",45.920000,0.790000,0.000000,"Auto",4.000000
1160,"M","M",2.000000,22358.100000,"N",52.626667,12.190000,0.000000,"CC",3.000000
1163,"F","S",2.000000,6440.460000,"Y",43.000000,27.200000,0.000000,"CH",2.000000
1164,"F","S",0.000000,7325.500000,"N",36.920000,161.540000,0.000000,"CC",3.000000
1166,"M","M",2.000000,28766.900000,"N",46.840000,58.080000,0.000000,"CC",1.000000
1172,"M","M",2.000000,91272.200000,"Y",25.033333,13.010000,0.000000,"CC",1.000000
1185,"F","S",2.000000,76231.900000,"N",63.806667,150.750000,0.000000,"Auto",3.000000
1193,"F","S",0.000000,93322.100000,"Y",40.313333,8.790000,0.000000,"CH",1.000000
1198,"M","M",1.000000,63437.300000,"N",63.653333,10.940000,0.000000,"CC",4.000000
1202,"M","M",2.000000,49910.700000,"Y",51.520000,23.720000,0.000000,"CC",4.000000
1204,"M","M",1.000000,76161.400000,"Y",44.573333,25.580000,0.000000,"CC",3.000000
1205,"F","M",2.000000,55860.000000,"Y",14.573333,10.350000,0.000000,"CC",1.000000
1214,"M","M",2.000000,57360.800000,"Y",53.253333,57.250000,0.000000,"CC",1.000000
1215,"M","M",0.000000,92414.700000,"Y",45.513333,10.620000,0.000000,"CC",1.000000
1218,"F","M",2.000000,17888.700000,"N",52.646667,332.460000,0.000000,"CC",2.000000
1222,"F","S",2.000000,14578.800000,"Y",60.933333,95.100000,0.000000,"Auto",1.000000
1226,"M","M",1.000000,3933.740000,"N",17.860000,47.910000,0.000000,"CC",2.000000
1229,"F","M",0.000000,28770.900000,"N",12.340000,16.270000,0.000000,"CH",3.000000
1230,"F","M",2.000000,87578.200000,"Y",53.366667,22.150000,0.000000,"CC",4.000000
1231,"F","M",2.000000,86695.400000,"N",13.906667,32.090000,0.000000,"CC",1.000000
1237,"F","S",1.000000,30763.800000,"Y",14.193333,35.850000,0.000000,"CC",3.000000
1239,"M","M",1.000000,69680.900000,"N",15.846667,32.120000,0.000000,"CC",2.000000
1243,"M","D",0.000000,2056.060000,"Y",18.940000,27.750000,0.000000,"Auto",3.000000
1246,"M","S",0.000000,78000.000000,"N",46.000000,8.490000,0.000000,"CC",4.000000
1255,"F","M",2.000000,21419.900000,"N",59.833333,103.120000,0.000000,"CC",4.000000
1256,"F","M",2.000000,30665.200000,"Y",22.880000,63.280000,0.000000,"Auto",3.000000
1266,"F","M",1.000000,66921.400000,"Y",61.000000,8.970000,0.000000,"CC",3.000000
1268,"F","M",2.000000,94026.800000,"Y",27.746667,10.620000,0.000000,"CC",3.000000
1276,"M","M",0.000000,3911.900000,"N",59.000000,25.140000,0.000000,"CC",1.000000
1279,"F","S",0.000000,39461.000000,"N",22.226667,103.520000,1.000000,"CC",2.000000
1282,"F","M",1.000000,95011.500000,"N",52.000000,2.830000,0.000000,"CC",2.000000
1283,"M","M",1.000000,47371.000000,"Y",54.960000,258.290000,0.000000,"CC",2.000000
1284,"F","M",2.000000,52957.000000,"Y",39.746667,125.520000,2.000000,"CH",4.000000
1285,"F","S",2.000000,86747.100000,"N",64.853333,37.240000,0.000000,"Auto",3.000000
1288,"M","S",2.000000,20919.000000,"N",55.000000,153.360000,0.000000,"CC",1.000000
1289,"F","M",2.000000,85394.000000,"Y",20.160000,14.380000,1.000000,"Auto",4.000000
1290,"F","S",0.000000,2121.360000,"N",39.786667,36.780000,1.000000,"CC",1.000000
1292,"F","M",0.000000,52089.600000,"N",48.000000,13.050000,0.000000,"CC",2.000000
1298,"F","S",1.000000,86252.800000,"Y",59.000000,43.970000,0.000000,"CC",4.000000
1301,"F","M",1.000000,56722.800000,"N",60.593333,51.170000,0.000000,"CC",4.000000
1302,"F","M",0.000000,55000.000000,"N",48.373333,28.660000,0.000000,"CC",4.000000
1302,"F","M",0.000000,55000.000000,"N",48.373333,28.660000,0.000000,"CC",4.000000
1303,"F","M",2.000000,809.430000,"Y",31.913333,2.890000,0.000000,"CH",1.000000
1305,"F","M",2.000000,34577.700000,"N",63.253333,116.570000,3.000000,"CH",2.000000
1313,"M","S",1.000000,16432.100000,"Y",20.920000,80.470000,0.000000,"CH",3.000000
1317,"M","S",0.000000,3601.710000,"N",49.266667,111.840000,0.000000,"Auto",4.000000
1318,"F","S",1.000000,33084.300000,"Y",50.313333,105.280000,0.000000,"CH",1.000000
1319,"F","S",0.000000,20913.600000,"N",53.013333,65.770000,0.000000,"CC",1.000000
1320,"M","M",0.000000,62724.500000,"Y",55.000000,52.400000,0.000000,"Auto",4.000000
1323,"F","M",0.000000,57255.400000,"N",27.000000,78.370000,1.000000,"CC",1.000000
1324,"F","S",1.000000,71941.500000,"Y",45.000000,87.880000,0.000000,"CH",3.000000
1325,"F","S",2.000000,72583.000000,"Y",22.000000,27.120000,1.000000,"CH",2.000000
1331,"M","S",0.000000,2805.010000,"Y",25.000000,11.680000,0.000000,"CC",1.000000
1332,"F","S",0.000000,5185.310000,"N",62.053333,30.510000,0.000000,"CC",3.000000
1333,"F","S",0.000000,42000.000000,"N",16.060000,108.440000,0.000000,"CC",2.000000
1333,"F","S",0.000000,42000.000000,"N",16.060000,108.440000,0.000000,"CC",2.000000
1334,"F","S",0.000000,38000.000000,"N",22.433333,75.270000,0.000000,"CH",2.000000
1339,"F","S",2.000000,11251.100000,"Y",43.000000,113.480000,0.000000,"CC",2.000000
1346,"M","M",0.000000,78000.000000,"Y",50.000000,18.840000,0.000000,"CH",2.000000
1350,"M","M",1.000000,78000.000000,"Y",52.266667,62.810000,0.000000,"CH",2.000000
1352,"F","S",2.000000,93559.100000,"N",57.620000,29.900000,0.000000,"CC",4.000000
1353,"F","M",1.000000,56722.800000,"N",60.593333,51.170000,0.000000,"CC",4.000000
1361,"M","M",0.000000,5745.000000,"Y",15.380000,17.710000,0.000000,"CC",3.000000
1363,"F","S",0.000000,92564.100000,"Y",49.133333,51.680000,0.000000,"Auto",1.000000
1369,"M","S",2.000000,78373.500000,"N",35.346667,184.020000,0.000000,"Auto",2.000000
1373,"F","S",0.000000,919.930000,"N",38.260000,93.420000,0.000000,"CH",2.000000
1374,"F","M",2.000000,69486.800000,"N",30.946667,9.390000,1.000000,"CC",1.000000
1385,"M","M",1.000000,69406.700000,"Y",46.826667,128.100000,1.000000,"CC",4.000000
1385,"M","M",1.000000,69406.700000,"Y",46.826667,128.100000,1.000000,"CC",4.000000
1399,"F","M",2.000000,11234.700000,"Y",49.046667,112.720000,0.000000,"CC",3.000000
1406,"F","M",2.000000,72841.300000,"N",47.020000,72.160000,0.000000,"CC",3.000000
1407,"F","M",2.000000,63670.800000,"Y",46.146667,51.470000,0.000000,"Auto",2.000000
1408,"M","S",0.000000,66666.000000,"N",77.000000,35.730000,0.000000,"CC",3.000000
1409,"F","S",1.000000,77000.000000,"Y",45.486667,100.080000,0.000000,"Auto",2.000000
1412,"F","M",1.000000,82931.300000,"N",64.640000,118.000000,0.000000,"Auto",2.000000
1415,"F","S",2.000000,21274.000000,"N",45.526667,32.430000,0.000000,"Auto",3.000000
1418,"F","M",2.000000,36725.100000,"N",55.793333,77.000000,0.000000,"CH",3.000000
1428,"F","S",1.000000,12374.900000,"Y",33.493333,106.100000,0.000000,"Auto",1.000000
1429,"F","M",2.000000,69133.900000,"Y",26.833333,37.730000,0.000000,"CH",4.000000
1443,"M","S",1.000000,3960.500000,"N",14.693333,66.350000,0.000000,"Auto",4.000000
1446,"F","M",2.000000,38215.900000,"N",30.886667,0.970000,0.000000,"Auto",2.000000
1460,"F","M",2.000000,76289.200000,"N",48.206667,82.430000,0.000000,"CC",3.000000
1462,"M","M",1.000000,66931.900000,"N",63.933333,5.350000,0.000000,"CC",3.000000
1462,"M","M",1.000000,66931.900000,"N",63.933333,5.350000,0.000000,"CC",3.000000
1464,"F","M",1.000000,14085.500000,"N",24.000000,26.780000,0.000000,"Auto",3.000000
1465,"F","S",0.000000,32962.600000,"N",21.000000,154.770000,0.000000,"CC",4.000000
1467,"F","S",2.000000,43000.000000,"N",20.000000,35.730000,0.000000,"Auto",1.000000
1467,"F","S",2.000000,43000.000000,"N",20.000000,35.730000,0.000000,"Auto",1.000000
1468,"F","D",1.000000,77726.400000,"N",56.720000,9.510000,0.000000,"Auto",2.000000
1469,"F","S",2.000000,42000.000000,"N",18.000000,38.180000,0.000000,"CC",4.000000
1474,"F","M",2.000000,90271.600000,"N",44.926667,96.430000,0.000000,"CC",2.000000
1480,"F","M",2.000000,98217.100000,"N",44.980000,13.240000,0.000000,"CC",4.000000
1492,"M","S",0.000000,84479.200000,"N",32.000000,43.010000,0.000000,"CC",2.000000
1497,"M","M",2.000000,5265.350000,"N",52.873333,23.460000,0.000000,"Auto",4.000000
1499,"F","M",2.000000,36647.900000,"N",49.986667,85.960000,0.000000,"CC",1.000000
1500,"F","S",0.000000,64319.200000,"N",41.226667,37.150000,0.000000,"CH",1.000000
1500,"F","S",0.000000,64319.200000,"N",41.226667,37.150000,0.000000,"CH",1.000000
1502,"F","S",0.000000,433.740000,"N",60.746667,40.910000,0.000000,"CC",1.000000
1503,"F","M",2.000000,16962.200000,"N",45.360000,8.960000,0.000000,"CC",2.000000
1505,"M","M",2.000000,10708.300000,"N",26.026667,117.260000,0.000000,"CH",4.000000
1517,"M","M",0.000000,95448.600000,"Y",53.680000,5.210000,0.000000,"CH",4.000000
1518,"M","S",1.000000,24141.500000,"Y",17.006667,97.050000,0.000000,"CC",1.000000
1519,"M","S",2.000000,63152.600000,"Y",63.173333,40.070000,0.000000,"CC",2.000000
1522,"F","S",0.000000,42760.500000,"N",52.646667,40.230000,0.000000,"CC",2.000000
1528,"M","M",0.000000,71472.900000,"N",41.913333,114.200000,0.000000,"CH",1.000000
1533,"M","S",0.000000,90478.600000,"N",54.553333,136.470000,0.000000,"CH",2.000000
1539,"M","M",0.000000,9780.660000,"N",24.546667,11.320000,1.000000,"CC",2.000000
1542,"M","M",2.000000,29616.000000,"N",49.426667,45.500000,0.000000,"CH",1.000000
1545,"M","S",1.000000,41690.500000,"Y",14.640000,28.950000,0.000000,"CC",2.000000
1550,"F","M",2.000000,52004.800000,"N",25.140000,23.110000,0.000000,"CH",2.000000
1554,"M","M",1.000000,75004.500000,"N",64.800000,32.190000,0.000000,"CC",2.000000
1557,"M","M",0.000000,19749.300000,"N",60.366667,13.940000,0.000000,"CC",1.000000
1560,"F","M",2.000000,47902.000000,"N",26.033333,49.920000,1.000000,"Auto",2.000000
1576,"F","S",0.000000,28589.100000,"N",15.600000,87.090000,0.000000,"CC",2.000000
1581,"M","S",2.000000,89459.900000,"N",53.280000,22.900000,0.000000,"CC",2.000000
1581,"M","S",2.000000,89459.900000,"N",53.280000,22.900000,0.000000,"CC",2.000000
1590,"F","M",2.000000,84166.100000,"N",54.013333,11.740000,1.000000,"CC",1.000000
1591,"F","S",0.000000,45612.900000,"N",14.300000,311.290000,0.000000,"CC",4.000000
1596,"F","S",1.000000,7737.940000,"N",42.666667,50.840000,0.000000,"CC",3.000000
1599,"F","M",2.000000,59613.100000,"N",34.320000,163.410000,0.000000,"CC",1.000000
1610,"M","M",1.000000,39229.100000,"N",26.260000,13.530000,0.000000,"CC",4.000000
1611,"F","S",0.000000,68427.400000,"N",42.393333,50.050000,0.000000,"Auto",2.000000
1615,"F","S",0.000000,98716.300000,"N",55.660000,13.920000,0.000000,"CC",4.000000
1617,"F","M",2.000000,84789.300000,"N",50.433333,10.450000,0.000000,"CH",4.000000
1619,"F","M",2.000000,35976.500000,"Y",48.853333,31.780000,0.000000,"Auto",4.000000
1623,"M","M",1.000000,97180.400000,"N",33.000000,45.660000,0.000000,"Auto",2.000000
1628,"F","M",2.000000,45429.700000,"Y",61.713333,73.040000,0.000000,"CH",3.000000
1639,"M","M",0.000000,92881.800000,"N",21.380000,85.290000,0.000000,"CC",2.000000
1644,"F","S",1.000000,13109.100000,"N",62.606667,40.480000,0.000000,"Auto",2.000000
1645,"M","S",1.000000,92647.500000,"N",56.046667,10.340000,0.000000,"CC",4.000000
1646,"M","S",2.000000,21021.600000,"Y",62.753333,11.190000,0.000000,"CC",2.000000
1650,"F","S",2.000000,28787.400000,"N",41.666667,58.090000,0.000000,"Auto",1.000000
1653,"M","M",1.000000,13091.600000,"N",59.126667,20.260000,0.000000,"CC",4.000000
1657,"F","M",1.000000,20550.900000,"Y",22.120000,57.060000,0.000000,"CC",4.000000
1663,"F","S",2.000000,19131.100000,"N",56.186667,34.910000,0.000000,"Auto",4.000000
1671,"F","S",2.000000,2842.550000,"N",45.920000,0.790000,0.000000,"Auto",3.000000
1675,"F","S",2.000000,6440.460000,"Y",70.000000,27.200000,0.000000,"CH",4.000000
1676,"F","S",0.000000,7325.500000,"N",36.920000,161.540000,0.000000,"CC",2.000000
1677,"M","M",1.000000,63900.900000,"N",28.333333,39.040000,0.000000,"CC",2.000000
1690,"M","S",0.000000,69000.000000,"Y",42.000000,115.660000,1.000000,"CH",1.000000
1697,"F","S",2.000000,76231.900000,"N",63.806667,150.750000,0.000000,"Auto",3.000000
1702,"M","M",1.000000,64792.300000,"N",52.146667,36.840000,0.000000,"CH",3.000000
1718,"F","S",1.000000,12686.000000,"N",64.800000,80.640000,0.000000,"Auto",3.000000
1728,"M","M",0.000000,60102.700000,"N",42.140000,62.440000,1.000000,"CH",4.000000
1730,"F","M",2.000000,17888.700000,"N",43.000000,332.460000,0.000000,"CC",4.000000
1731,"F","S",1.000000,12526.300000,"N",53.553333,28.860000,0.000000,"CC",2.000000
1737,"M","M",0.000000,78572.200000,"Y",42.346667,29.280000,1.000000,"CC",2.000000
1755,"M","S",0.000000,2056.060000,"Y",18.940000,27.750000,0.000000,"Auto",2.000000
1757,"M","M",1.000000,2067.820000,"N",47.853333,70.650000,0.000000,"CC",3.000000
1769,"F","M",1.000000,78000.000000,"Y",58.560000,30.950000,0.000000,"Auto",4.000000
1774,"F","M",1.000000,98680.400000,"Y",70.000000,8.850000,0.000000,"CH",2.000000
1775,"M","M",0.000000,65619.700000,"Y",52.000000,144.660000,0.000000,"CC",1.000000
1779,"F","M",1.000000,98453.600000,"Y",62.000000,11.650000,0.000000,"Auto",1.000000
1780,"F","M",2.000000,94026.800000,"Y",27.746667,10.620000,0.000000,"CC",4.000000
1783,"M","M",0.000000,68000.000000,"N",49.000000,26.690000,1.000000,"CC",4.000000
1791,"F","S",0.000000,39461.000000,"N",22.226667,103.520000,1.000000,"CC",1.000000
1801,"F","M",2.000000,85394.000000,"Y",20.160000,14.380000,1.000000,"Auto",1.000000
1802,"F","S",0.000000,2121.360000,"N",39.786667,36.780000,1.000000,"CC",4.000000
1803,"F","M",2.000000,63566.100000,"Y",56.300000,65.090000,0.000000,"CH",3.000000
1817,"F","M",2.000000,34577.700000,"N",63.253333,116.570000,3.000000,"CH",3.000000
1820,"F","S",2.000000,19008.400000,"Y",52.166667,137.190000,0.000000,"CC",2.000000
1821,"F","M",0.000000,98056.300000,"N",55.966667,126.960000,0.000000,"Auto",4.000000
1822,"M","M",0.000000,80000.000000,"Y",45.000000,2.210000,0.000000,"CH",1.000000
1824,"M","M",0.000000,78894.200000,"N",34.000000,43.230000,0.000000,"CH",2.000000
1825,"M","S",1.000000,16432.100000,"Y",20.920000,80.470000,0.000000,"CH",1.000000
1825,"M","S",1.000000,16432.100000,"Y",20.920000,80.470000,0.000000,"CH",1.000000
1826,"M","M",1.000000,62797.900000,"N",54.446667,55.480000,0.000000,"CH",1.000000
1827,"M","S",1.000000,71329.900000,"Y",42.233333,45.920000,0.000000,"CC",4.000000
1831,"F","S",0.000000,20913.600000,"N",53.013333,65.770000,0.000000,"CC",3.000000
1834,"F","S",1.000000,540.400000,"Y",39.213333,7.750000,0.000000,"Auto",2.000000
1838,"M","M",2.000000,67339.800000,"N",17.006667,48.690000,0.000000,"CC",2.000000
1840,"M","M",1.000000,75799.900000,"N",46.380000,64.800000,0.000000,"CC",2.000000
1841,"F","S",2.000000,15688.500000,"N",53.060000,8.030000,0.000000,"CC",3.000000
1841,"F","S",2.000000,15688.500000,"N",53.060000,8.030000,0.000000,"CC",3.000000
1844,"F","S",0.000000,5185.310000,"N",62.053333,30.510000,0.000000,"CC",1.000000
1845,"F","S",1.000000,35089.000000,"N",16.060000,108.440000,0.000000,"CC",2.000000
1858,"M","M",0.000000,100020.000000,"Y",45.653333,18.840000,0.000000,"CC",1.000000
1858,"M","M",0.000000,100020.000000,"Y",45.653333,18.840000,0.000000,"CC",1.000000
1873,"M","M",0.000000,5745.000000,"Y",15.380000,17.710000,0.000000,"CC",2.000000
1875,"F","S",0.000000,92564.100000,"Y",49.133333,51.680000,0.000000,"Auto",3.000000
1879,"F","M",2.000000,48322.500000,"Y",49.333333,43.600000,0.000000,"CC",1.000000
1882,"F","M",2.000000,81913.800000,"Y",49.660000,46.330000,0.000000,"CC",3.000000
1885,"F","S",0.000000,919.930000,"N",38.260000,93.420000,0.000000,"CH",2.000000
1890,"F","M",2.000000,92103.800000,"N",52.153333,7.430000,0.000000,"CC",1.000000
1892,"F","S",0.000000,17138.200000,"N",63.786667,84.670000,0.000000,"CC",3.000000
1894,"F","M",2.000000,47010.100000,"N",57.406667,164.760000,0.000000,"CC",1.000000
1897,"M","M",1.000000,69406.700000,"Y",46.826667,128.100000,1.000000,"CC",4.000000
1899,"F","M",2.000000,83259.300000,"N",50.880000,4.460000,0.000000,"CC",2.000000
1902,"M","M",1.000000,20818.500000,"N",12.680000,47.850000,0.000000,"Auto",2.000000
1906,"F","M",2.000000,2185.600000,"N",52.513333,20.950000,1.000000,"CH",4.000000
1910,"F","M",1.000000,6946.070000,"N",20.000000,8.840000,0.000000,"CH",1.000000
1911,"F","M",2.000000,11234.700000,"Y",49.046667,112.720000,0.000000,"CC",4.000000
1918,"F","M",2.000000,72841.300000,"N",47.020000,72.160000,0.000000,"CC",1.000000
1924,"F","M",1.000000,82931.300000,"N",64.640000,118.000000,0.000000,"Auto",3.000000
1925,"F","M",2.000000,57483.900000,"N",44.026667,27.290000,0.000000,"CH",2.000000
1928,"F","M",2.000000,28267.000000,"N",30.093333,192.530000,0.000000,"CC",4.000000
1937,"F","M",2.000000,91861.000000,"Y",41.980000,6.740000,0.000000,"CC",1.000000
1940,"F","S",1.000000,12374.900000,"Y",33.493333,106.100000,0.000000,"Auto",4.000000
1944,"F","M",2.000000,30998.800000,"N",40.960000,50.500000,0.000000,"Auto",3.000000
1950,"M","M",2.000000,21416.500000,"N",35.653333,8.530000,0.000000,"CC",1.000000
1955,"M","S",1.000000,3960.500000,"N",14.693333,66.350000,0.000000,"Auto",2.000000
1957,"M","M",0.000000,60101.100000,"Y",63.766667,124.140000,2.000000,"CH",4.000000
1958,"F","M",2.000000,38215.900000,"N",30.886667,0.970000,0.000000,"Auto",4.000000
1959,"F","M",1.000000,13829.400000,"N",19.000000,160.420000,0.000000,"CC",2.000000
1959,"F","M",1.000000,13829.400000,"N",19.000000,160.420000,0.000000,"CC",2.000000
1960,"F","M",2.000000,49745.300000,"N",47.966667,24.440000,0.000000,"CH",2.000000
1962,"F","M",2.000000,88427.000000,"N",13.860000,43.340000,0.000000,"CC",3.000000
1963,"F","M",2.000000,98003.700000,"Y",26.273333,83.390000,0.000000,"CC",4.000000
1964,"M","S",0.000000,89142.700000,"N",53.693333,5.010000,0.000000,"CC",1.000000
1972,"F","M",2.000000,76289.200000,"N",48.206667,82.430000,0.000000,"CC",3.000000
1974,"M","M",1.000000,66931.900000,"N",63.933333,5.350000,0.000000,"CC",4.000000
1974,"M","M",1.000000,66931.900000,"N",63.933333,5.350000,0.000000,"CC",4.000000
1976,"F","M",1.000000,14085.500000,"N",24.000000,26.780000,0.000000,"Auto",2.000000
1978,"F","S",0.000000,35000.000000,"N",23.000000,61.440000,0.000000,"CC",1.000000
1979,"F","S",2.000000,39000.000000,"N",22.000000,35.730000,0.000000,"Auto",1.000000
1980,"F","S",0.000000,77726.400000,"N",56.720000,9.510000,0.000000,"Auto",1.000000
1981,"F","S",2.000000,42000.000000,"N",19.000000,38.180000,0.000000,"CC",3.000000
1982,"F","S",1.000000,2800.680000,"N",45.673333,106.300000,0.000000,"CC",2.000000
1986,"F","M",2.000000,90271.600000,"N",44.926667,96.430000,0.000000,"CC",2.000000
1991,"F","M",2.000000,64816.600000,"Y",31.126667,6.870000,0.000000,"CC",1.000000
1992,"F","M",2.000000,98217.100000,"N",44.980000,13.240000,0.000000,"CC",4.000000
1996,"F","M",2.000000,41876.600000,"Y",44.093333,132.650000,0.000000,"CC",3.000000
1998,"F","S",0.000000,15989.300000,"N",61.693333,25.490000,1.000000,"CC",1.000000
1999,"M","M",0.000000,69168.400000,"Y",62.426667,214.730000,0.000000,"CC",3.000000
2001,"M","M",0.000000,96681.000000,"Y",19.760000,40.920000,0.000000,"CC",2.000000
2005,"F","M",2.000000,64977.400000,"N",38.193333,17.660000,0.000000,"CC",3.000000
2007,"M","M",2.000000,90103.700000,"N",34.946667,45.340000,0.000000,"CC",2.000000
2008,"F","M",0.000000,59008.400000,"Y",30.180000,18.730000,0.000000,"CC",1.000000
2010,"M","S",1.000000,84978.100000,"N",21.640000,76.070000,0.000000,"CH",1.000000
2012,"F","S",0.000000,64319.200000,"N",41.226667,37.150000,0.000000,"CH",1.000000
2014,"F","S",0.000000,433.740000,"N",60.746667,40.910000,0.000000,"CC",4.000000
2015,"F","M",2.000000,16962.200000,"N",45.360000,8.960000,0.000000,"CC",2.000000
2028,"F","M",1.000000,8073.110000,"N",55.000000,60.350000,0.000000,"Auto",4.000000
2030,"M","S",1.000000,24141.500000,"Y",17.006667,97.050000,0.000000,"CC",2.000000
2032,"M","S",1.000000,31952.000000,"N",34.266667,4.870000,2.000000,"CC",2.000000
2040,"M","M",1.000000,71472.900000,"N",41.913333,114.200000,0.000000,"CH",2.000000
2042,"F","S",0.000000,95786.800000,"Y",52.000000,87.460000,0.000000,"CC",4.000000
2045,"M","D",1.000000,90478.600000,"N",54.553333,136.470000,0.000000,"CC",1.000000
2057,"M","M",1.000000,75004.500000,"N",64.800000,32.190000,0.000000,"CC",2.000000
2062,"M","M",2.000000,20078.000000,"N",32.846667,6.330000,0.000000,"CC",4.000000
2064,"M","M",1.000000,7545.960000,"Y",16.753333,178.360000,0.000000,"CC",4.000000
2068,"M","S",2.000000,89459.900000,"N",53.280000,22.900000,0.000000,"CC",2.000000
2071,"F","S",1.000000,13576.500000,"N",39.426667,25.660000,0.000000,"CC",3.000000
2078,"M","S",2.000000,43634.500000,"N",21.780000,104.640000,0.000000,"CC",4.000000
2078,"M","S",2.000000,43634.500000,"N",21.780000,104.640000,0.000000,"CC",4.000000
2085,"M","S",0.000000,74460.700000,"Y",55.340000,179.930000,0.000000,"CC",3.000000
2090,"M","M",1.000000,13091.600000,"N",59.126667,20.260000,0.000000,"CC",1.000000
2093,"F","M",2.000000,62061.800000,"Y",45.920000,52.220000,0.000000,"Auto",1.000000
2102,"F","S",2.000000,6440.460000,"Y",48.000000,27.200000,0.000000,"CH",2.000000
2106,"M","M",1.000000,5252.290000,"N",16.333333,17.080000,1.000000,"Auto",2.000000
2123,"M","M",1.000000,76161.400000,"Y",44.573333,25.580000,0.000000,"CC",3.000000
2123,"M","M",1.000000,76161.400000,"Y",44.573333,25.580000,0.000000,"CC",3.000000
2132,"M","M",0.000000,92414.700000,"Y",45.513333,10.620000,0.000000,"CC",3.000000
2136,"F","M",2.000000,86695.400000,"N",13.906667,32.090000,0.000000,"CC",1.000000
2141,"M","M",1.000000,2067.820000,"N",47.853333,70.650000,0.000000,"CC",1.000000
2144,"M","M",2.000000,30665.200000,"Y",22.880000,63.280000,0.000000,"Auto",1.000000
2145,"F","M",1.000000,83287.000000,"Y",47.000000,30.950000,0.000000,"Auto",1.000000
2146,"F","M",1.000000,98680.400000,"Y",42.000000,8.850000,0.000000,"CH",4.000000
2147,"M","M",0.000000,65619.700000,"Y",46.000000,144.660000,0.000000,"CC",2.000000
2154,"M","M",0.000000,66000.000000,"N",46.000000,26.690000,1.000000,"CH",4.000000
2158,"F","S",0.000000,39461.000000,"N",22.226667,103.520000,1.000000,"CC",4.000000
2162,"M","S",1.000000,16432.100000,"Y",20.920000,80.470000,0.000000,"CH",2.000000
2162,"M","S",1.000000,16432.100000,"Y",20.920000,80.470000,0.000000,"CH",2.000000
2168,"F","M",2.000000,59691.300000,"N",38.040000,256.700000,0.000000,"CC",2.000000
2169,"F","S",2.000000,11251.100000,"Y",52.646667,113.480000,0.000000,"CC",4.000000
2174,"F","S",2.000000,3416.620000,"Y",22.760000,104.730000,0.000000,"CC",2.000000
2176,"M","M",0.000000,5745.000000,"Y",15.380000,17.710000,0.000000,"CC",2.000000
2182,"F","M",1.000000,6946.070000,"N",20.000000,8.840000,0.000000,"CH",3.000000
2184,"M","M",0.000000,12387.600000,"N",56.173333,65.930000,0.000000,"Auto",2.000000
2186,"F","M",2.000000,57483.900000,"N",44.026667,27.290000,0.000000,"CH",3.000000
2188,"F","S",2.000000,21274.000000,"N",45.526667,32.430000,0.000000,"Auto",1.000000
2189,"F","M",2.000000,28267.000000,"N",30.093333,192.530000,0.000000,"CC",4.000000
2191,"F","M",2.000000,36725.100000,"N",55.793333,77.000000,0.000000,"CH",4.000000
2204,"F","M",2.000000,84948.000000,"Y",29.446667,12.580000,0.000000,"CH",1.000000
2211,"M","M",2.000000,21416.500000,"N",35.653333,8.530000,0.000000,"CC",4.000000
2215,"M","M",2.000000,78554.200000,"N",16.700000,23.030000,0.000000,"Auto",3.000000
2217,"F","M",1.000000,13829.400000,"N",21.000000,160.420000,0.000000,"CC",1.000000
2221,"F","M",2.000000,98003.700000,"Y",26.273333,83.390000,0.000000,"CC",4.000000
2225,"F","S",0.000000,38000.000000,"N",24.000000,262.910000,0.000000,"CC",3.000000
2235,"F","S",0.000000,42000.000000,"N",24.000000,154.770000,0.000000,"CC",4.000000
2240,"F","S",1.000000,2800.680000,"N",45.673333,106.300000,0.000000,"CC",4.000000
2247,"F","M",2.000000,64816.600000,"Y",31.126667,6.870000,0.000000,"CC",4.000000
2251,"F","S",0.000000,15989.300000,"N",61.693333,25.490000,1.000000,"CC",2.000000
2253,"M","M",0.000000,96681.000000,"Y",19.760000,40.920000,0.000000,"CC",2.000000
2255,"M","S",0.000000,80221.200000,"N",29.026667,49.560000,0.000000,"Auto",2.000000
2257,"M","S",1.000000,84978.100000,"N",21.640000,76.070000,0.000000,"CH",1.000000
2259,"F","S",0.000000,64319.200000,"N",41.226667,37.150000,0.000000,"CH",1.000000
2259,"F","S",0.000000,64319.200000,"N",41.226667,37.150000,0.000000,"CH",1.000000
2267,"F","M",0.000000,2031.610000,"N",20.300000,87.400000,0.000000,"CC",2.000000
2270,"F","S",2.000000,16938.500000,"N",70.000000,8.760000,0.000000,"CH",1.000000
2274,"F","M",1.000000,8073.110000,"N",52.000000,60.350000,0.000000,"Auto",2.000000
2276,"M","S",1.000000,24141.500000,"Y",17.006667,97.050000,0.000000,"CC",1.000000
2277,"M","S",2.000000,63152.600000,"Y",63.173333,40.070000,0.000000,"CC",3.000000
2280,"F","S",0.000000,42760.500000,"N",42.000000,40.230000,0.000000,"CC",2.000000
2281,"F","S",1.000000,49072.000000,"N",43.000000,10.740000,0.000000,"Auto",3.000000
2285,"M","M",0.000000,71472.900000,"N",41.913333,114.200000,0.000000,"CH",3.000000
2286,"F","M",0.000000,95405.700000,"N",46.000000,6.210000,0.000000,"CC",2.000000
2289,"M","S",0.000000,90321.600000,"N",55.113333,11.520000,0.000000,"CH",4.000000
2290,"M","S",0.000000,90478.600000,"N",54.553333,136.470000,0.000000,"CC",3.000000
2290,"M","S",0.000000,90478.600000,"N",54.553333,136.470000,0.000000,"CC",3.000000
2291,"F","M",2.000000,56187.000000,"N",48.000000,13.740000,0.000000,"CH",2.000000
2294,"F","S",1.000000,32098.000000,"N",24.393333,206.080000,0.000000,"CC",1.000000
2294,"F","S",1.000000,32098.000000,"N",24.393333,206.080000,0.000000,"CC",1.000000
2300,"M","M",2.000000,53010.800000,"N",18.840000,46.420000,4.000000,"CC",1.000000
2305,"M","S",1.000000,57626.900000,"Y",43.906667,38.960000,0.000000,"CC",3.000000
2306,"M","M",2.000000,20078.000000,"N",32.846667,6.330000,0.000000,"CC",1.000000
2312,"M","S",2.000000,89459.900000,"N",53.280000,22.900000,0.000000,"CC",4.000000
2312,"M","S",2.000000,89459.900000,"N",53.280000,22.900000,0.000000,"CC",4.000000
2326,"F","S",1.000000,13109.100000,"N",62.606667,40.480000,0.000000,"Auto",2.000000
2328,"F","S",2.000000,21021.600000,"Y",62.753333,11.190000,0.000000,"CC",3.000000
2329,"M","S",0.000000,74460.700000,"Y",55.340000,179.930000,0.000000,"CC",1.000000
2331,"F","S",2.000000,28787.400000,"N",41.666667,58.090000,0.000000,"Auto",1.000000
2334,"M","M",1.000000,13091.600000,"N",59.126667,20.260000,0.000000,"CC",4.000000
2341,"M","M",2.000000,1765.410000,"N",18.766667,44.950000,0.000000,"CC",4.000000
2351,"F","S",1.000000,13109.100000,"N",62.606667,40.480000,0.000000,"Auto",2.000000
2351,"F","S",1.000000,13109.100000,"N",62.606667,40.480000,0.000000,"Auto",2.000000
2354,"M","S",0.000000,74460.700000,"Y",55.340000,179.930000,0.000000,"CC",3.000000
2356,"F","S",2.000000,28787.400000,"N",41.666667,58.090000,0.000000,"Auto",4.000000
2362,"F","M",2.000000,62061.800000,"Y",45.920000,52.220000,0.000000,"Auto",4.000000
2372,"M","M",1.000000,63900.900000,"N",28.333333,39.040000,0.000000,"CC",2.000000
2377,"M","S",0.000000,72928.200000,"N",38.733333,196.220000,0.000000,"CC",2.000000
2388,"F","S",0.000000,93322.100000,"Y",40.313333,8.790000,0.000000,"CH",1.000000
2391,"M","M",2.000000,49910.700000,"Y",51.520000,23.720000,0.000000,"CC",3.000000
2392,"M","M",0.000000,76161.400000,"Y",44.573333,25.580000,0.000000,"CC",1.000000
2393,"F","M",2.000000,55860.000000,"Y",14.573333,10.350000,0.000000,"CC",1.000000
2400,"M","M",2.000000,57360.800000,"Y",53.253333,57.250000,0.000000,"CC",1.000000
2401,"M","M",0.000000,92414.700000,"Y",45.513333,10.620000,0.000000,"CC",3.000000
2403,"F","S",2.000000,14578.800000,"Y",60.933333,95.100000,0.000000,"Auto",2.000000
2405,"F","M",2.000000,86695.400000,"N",13.906667,32.090000,0.000000,"CC",1.000000
2410,"M","M",1.000000,2067.820000,"N",47.853333,70.650000,0.000000,"CC",4.000000
2415,"F","M",1.000000,98680.400000,"Y",48.000000,8.850000,0.000000,"CH",3.000000
2427,"F","S",0.000000,39461.000000,"N",22.226667,103.520000,1.000000,"CC",1.000000
2428,"M","M",1.000000,47371.000000,"Y",54.960000,258.290000,0.000000,"CC",4.000000
2434,"F","S",1.000000,540.400000,"Y",39.213333,7.750000,0.000000,"Auto",2.000000
2436,"F","M",2.000000,80087.700000,"N",41.920000,22.820000,0.000000,"CC",3.000000
2437,"F","M",2.000000,59691.300000,"N",38.040000,256.700000,0.000000,"CC",4.000000
2438,"F","S",2.000000,11251.100000,"Y",41.000000,113.480000,0.000000,"CC",2.000000
2443,"F","S",2.000000,3416.620000,"Y",22.760000,104.730000,0.000000,"CC",3.000000
2445,"M","M",0.000000,5745.000000,"Y",15.380000,17.710000,0.000000,"CC",1.000000
2451,"F","M",1.000000,13829.400000,"N",24.000000,8.840000,0.000000,"CH",1.000000
2454,"F","M",1.000000,82931.300000,"N",64.640000,118.000000,0.000000,"Auto",1.000000
2455,"F","M",2.000000,57483.900000,"N",44.026667,27.290000,0.000000,"CH",3.000000
2467,"F","M",2.000000,91861.000000,"Y",41.980000,6.740000,0.000000,"CC",3.000000
2474,"F","M",2.000000,30998.800000,"N",40.960000,50.500000,0.000000,"Auto",4.000000
2486,"F","M",1.000000,30000.000000,"N",21.000000,160.420000,0.000000,"CC",1.000000
2490,"F","M",2.000000,98003.700000,"Y",26.273333,83.390000,0.000000,"CC",2.000000
2491,"M","S",0.000000,89142.700000,"N",53.693333,5.010000,0.000000,"CC",3.000000
2503,"F","M",1.000000,32962.600000,"N",24.000000,26.780000,0.000000,"Auto",3.000000
2506,"F","S",2.000000,42000.000000,"N",20.000000,35.730000,0.000000,"Auto",1.000000
2507,"F","D",1.000000,77726.400000,"N",56.720000,9.510000,0.000000,"Auto",3.000000
2508,"F","S",2.000000,35089.000000,"N",18.000000,38.180000,0.000000,"CC",3.000000
2509,"F","S",1.000000,2800.680000,"N",45.673333,106.300000,0.000000,"CC",1.000000
2516,"F","M",2.000000,64816.600000,"Y",31.126667,6.870000,0.000000,"CC",4.000000
2517,"F","M",2.000000,98217.100000,"N",44.980000,13.240000,0.000000,"CC",1.000000
2520,"F","S",0.000000,15989.300000,"N",61.693333,25.490000,1.000000,"CC",2.000000
2526,"M","S",1.000000,84978.100000,"N",21.640000,76.070000,0.000000,"CH",2.000000
2531,"F","M",2.000000,16962.200000,"N",45.360000,8.960000,0.000000,"CC",2.000000
2533,"M","M",2.000000,10708.300000,"N",26.026667,117.260000,0.000000,"CH",2.000000
2542,"F","M",0.000000,55221.000000,"N",46.000000,15.200000,0.000000,"CC",4.000000
2545,"M","S",1.000000,24141.500000,"Y",17.006667,97.050000,0.000000,"CC",4.000000
2546,"M","S",2.000000,63152.600000,"Y",63.173333,40.070000,0.000000,"CC",4.000000
2548,"M","S",2.000000,72084.700000,"N",55.640000,9.020000,0.000000,"CC",1.000000
2550,"F","S",1.000000,49072.000000,"N",52.646667,10.740000,0.000000,"Auto",2.000000
2555,"F","M",0.000000,95405.700000,"N",62.000000,6.210000,0.000000,"CC",3.000000
2556,"F","S",0.000000,95786.800000,"Y",41.000000,87.460000,0.000000,"CC",2.000000
2559,"M","S",0.000000,90478.600000,"N",54.553333,136.470000,0.000000,"CH",4.000000
2560,"F","M",2.000000,56187.000000,"N",43.000000,13.740000,0.000000,"CH",3.000000
2574,"M","S",1.000000,57626.900000,"Y",43.906667,38.960000,0.000000,"CC",3.000000
2581,"M","S",2.000000,89459.900000,"N",53.280000,22.900000,0.000000,"CC",4.000000
2595,"F","S",1.000000,13109.100000,"N",62.606667,40.480000,0.000000,"Auto",3.000000
2596,"M","S",1.000000,92647.500000,"N",56.046667,10.340000,0.000000,"CC",4.000000
2598,"M","S",0.000000,74460.700000,"Y",55.340000,179.930000,0.000000,"CC",1.000000
2600,"F","S",2.000000,28787.400000,"N",41.666667,58.090000,0.000000,"Auto",4.000000
2602,"F","M",0.000000,83900.200000,"N",45.040000,8.620000,0.000000,"CC",1.000000
2605,"F","S",0.000000,64335.000000,"Y",19.066667,137.330000,2.000000,"CC",1.000000
2607,"F","M",1.000000,20550.900000,"Y",22.120000,57.060000,0.000000,"CC",2.000000
2608,"F","S",0.000000,76142.000000,"N",32.020000,84.100000,0.000000,"CC",2.000000
2612,"F","S",0.000000,98716.300000,"N",55.660000,13.920000,0.000000,"CC",1.000000
2616,"M","M",1.000000,63900.900000,"N",28.333333,39.040000,0.000000,"CC",2.000000
2617,"M","M",2.000000,28766.900000,"N",46.840000,58.080000,0.000000,"CC",3.000000
2619,"M","M",1.000000,5252.290000,"N",16.333333,17.080000,1.000000,"Auto",2.000000
2621,"M","S",0.000000,72928.200000,"N",38.733333,196.220000,0.000000,"CC",2.000000
2622,"M","M",2.000000,91272.200000,"Y",25.033333,13.010000,0.000000,"CC",4.000000
2623,"F","M",0.000000,83891.900000,"Y",61.020000,45.470000,0.000000,"CH",2.000000
2624,"M","S",0.000000,3601.710000,"N",49.266667,111.840000,0.000000,"Auto",3.000000
2635,"M","M",2.000000,49910.700000,"Y",51.520000,23.720000,0.000000,"CC",3.000000
2645,"M","M",1.000000,92414.700000,"Y",45.513333,10.620000,0.000000,"CC",3.000000
2645,"M","M",1.000000,92414.700000,"Y",45.513333,10.620000,0.000000,"CC",3.000000
2647,"F","S",2.000000,14578.800000,"Y",60.933333,95.100000,0.000000,"Auto",1.000000
2653,"F","M",0.000000,66666.000000,"N",60.000000,90.180000,4.000000,"Auto",2.000000
2659,"F","M",1.000000,98680.400000,"Y",43.000000,8.850000,0.000000,"CH",3.000000
2660,"M","M",0.000000,65619.700000,"Y",46.000000,144.660000,0.000000,"CC",3.000000
2661,"F","M",1.000000,95620.300000,"Y",46.000000,93.610000,0.000000,"CC",2.000000
2663,"F","M",1.000000,66921.400000,"Y",55.000000,8.970000,0.000000,"CC",4.000000
2664,"F","M",1.000000,98453.600000,"Y",52.000000,11.650000,0.000000,"Auto",3.000000
2666,"F","S",2.000000,57420.000000,"Y",43.000000,252.530000,1.000000,"Auto",3.000000
2671,"F","S",0.000000,39461.000000,"N",22.226667,103.520000,1.000000,"CC",1.000000
2672,"M","M",1.000000,47371.000000,"Y",54.960000,258.290000,0.000000,"CC",2.000000
2673,"F","S",0.000000,89813.600000,"N",12.846667,149.260000,0.000000,"CC",4.000000
2678,"F","S",1.000000,540.400000,"Y",39.213333,7.750000,0.000000,"Auto",1.000000
2678,"F","S",1.000000,540.400000,"Y",39.213333,7.750000,0.000000,"Auto",1.000000
2681,"F","M",2.000000,59691.300000,"N",38.040000,256.700000,0.000000,"CC",4.000000
2682,"F","S",2.000000,11251.100000,"Y",46.000000,113.480000,0.000000,"CC",4.000000
2687,"F","S",2.000000,3416.620000,"Y",22.760000,104.730000,0.000000,"CC",2.000000
2695,"F","M",1.000000,13829.400000,"N",20.000000,8.840000,0.000000,"CH",4.000000
2695,"F","M",1.000000,13829.400000,"N",20.000000,8.840000,0.000000,"CH",4.000000
2696,"F","M",2.000000,11234.700000,"Y",49.046667,112.720000,0.000000,"CC",4.000000
2698,"F","M",1.000000,82931.300000,"N",64.640000,118.000000,0.000000,"Auto",1.000000
2699,"F","M",2.000000,57483.900000,"N",44.026667,27.290000,0.000000,"CH",1.000000
2702,"F","M",2.000000,28267.000000,"N",30.093333,192.530000,0.000000,"CC",3.000000
2704,"F","M",2.000000,36725.100000,"N",55.793333,77.000000,0.000000,"CH",2.000000
2708,"M","S",1.000000,94188.300000,"N",57.546667,19.780000,0.000000,"CC",1.000000
2730,"F","M",1.000000,14085.500000,"N",19.000000,160.420000,0.000000,"CC",1.000000
2733,"F","M",2.000000,88427.000000,"N",13.860000,43.340000,0.000000,"CC",2.000000
2734,"F","M",2.000000,98003.700000,"Y",26.273333,83.390000,0.000000,"CC",2.000000
2735,"M","S",0.000000,89142.700000,"N",32.000000,5.010000,0.000000,"CC",2.000000
2738,"F","S",0.000000,32962.600000,"N",23.000000,262.910000,0.000000,"CC",1.000000
2745,"M","M",1.000000,66931.900000,"N",63.933333,5.350000,0.000000,"CC",3.000000
2749,"F","S",0.000000,42000.000000,"N",23.000000,61.440000,0.000000,"CC",3.000000
2752,"F","S",2.000000,35000.000000,"N",19.000000,38.180000,0.000000,"CC",3.000000
2764,"F","S",0.000000,15989.300000,"N",61.693333,25.490000,1.000000,"CC",3.000000
2771,"F","M",2.000000,36647.900000,"N",49.986667,85.960000,0.000000,"CC",1.000000
2773,"F","S",1.000000,73338.000000,"N",48.246667,9.010000,0.000000,"Auto",3.000000
2786,"F","M",0.000000,55221.000000,"N",48.000000,15.200000,0.000000,"CC",4.000000
2787,"F","M",1.000000,8073.110000,"N",52.646667,60.350000,0.000000,"Auto",3.000000
2793,"F","S",0.000000,42760.500000,"N",62.000000,40.230000,0.000000,"CC",3.000000
2798,"M","M",1.000000,71472.900000,"N",41.913333,114.200000,0.000000,"CH",3.000000
2802,"M","S",0.000000,90321.600000,"N",55.113333,11.520000,0.000000,"CC",3.000000
2803,"M","S",0.000000,90478.600000,"N",54.553333,136.470000,0.000000,"CC",2.000000
2804,"F","M",2.000000,56187.000000,"N",52.646667,13.740000,0.000000,"CH",2.000000
2817,"M","M",0.000000,19749.300000,"N",60.366667,13.940000,0.000000,"CC",2.000000
2818,"M","S",1.000000,57626.900000,"Y",43.906667,38.960000,0.000000,"CC",4.000000
2820,"F","M",2.000000,47902.000000,"N",26.033333,49.920000,1.000000,"Auto",4.000000
2825,"M","S",2.000000,89459.900000,"N",53.280000,22.900000,0.000000,"CC",2.000000
2833,"M","M",2.000000,53010.800000,"N",18.840000,46.420000,4.000000,"CC",2.000000
2837,"M","M",0.000000,19749.300000,"N",60.366667,13.940000,0.000000,"CC",1.000000
2838,"M","S",1.000000,57626.900000,"Y",43.906667,38.960000,0.000000,"CC",3.000000
2848,"F","S",1.000000,13576.500000,"N",39.426667,25.660000,0.000000,"CC",1.000000
2850,"F","M",2.000000,42031.800000,"N",50.753333,39.330000,0.000000,"CH",3.000000
2851,"F","S",1.000000,97689.200000,"N",59.073333,8.790000,0.000000,"CC",4.000000
2852,"F","S",1.000000,75397.800000,"Y",57.660000,35.900000,0.000000,"CC",4.000000
2853,"F","M",1.000000,49453.800000,"N",55.073333,12.330000,0.000000,"CC",4.000000
2855,"M","S",2.000000,43634.500000,"N",21.780000,104.640000,0.000000,"CC",2.000000
2856,"F","S",0.000000,68641.500000,"Y",47.980000,50.220000,0.000000,"CC",4.000000
2858,"F","M",1.000000,52490.100000,"N",19.193333,9.810000,0.000000,"CC",4.000000
2861,"F","S",2.000000,21021.600000,"Y",62.753333,11.190000,0.000000,"CC",4.000000
2863,"F","M",1.000000,43894.500000,"N",40.180000,40.380000,0.000000,"CC",4.000000
2868,"F","M",0.000000,91708.400000,"N",37.293333,31.550000,0.000000,"CH",4.000000
2871,"F","M",1.000000,20550.900000,"Y",22.120000,57.060000,0.000000,"CC",3.000000
2871,"F","M",1.000000,20550.900000,"Y",22.120000,57.060000,0.000000,"CC",3.000000
2874,"M","M",2.000000,1765.410000,"N",18.766667,44.950000,0.000000,"CC",4.000000
2875,"F","S",2.000000,19131.100000,"N",56.186667,34.910000,0.000000,"Auto",1.000000
2896,"F","S",0.000000,93322.100000,"Y",40.313333,8.790000,0.000000,"CH",1.000000
2896,"F","S",0.000000,93322.100000,"Y",40.313333,8.790000,0.000000,"CH",1.000000
2900,"M","M",0.000000,76161.400000,"Y",44.573333,25.580000,0.000000,"CC",1.000000
2901,"F","M",2.000000,55860.000000,"Y",14.573333,10.350000,0.000000,"CC",1.000000
2908,"M","M",2.000000,57360.800000,"Y",53.253333,57.250000,0.000000,"CC",3.000000
2913,"F","M",2.000000,86695.400000,"N",13.906667,32.090000,0.000000,"CC",2.000000
2917,"F","M",0.000000,68000.000000,"N",45.486667,90.180000,4.000000,"Auto",2.000000
2922,"F","M",1.000000,80000.000000,"Y",63.353333,30.950000,0.000000,"Auto",1.000000
2923,"F","M",1.000000,98680.400000,"Y",58.706667,8.850000,0.000000,"CH",1.000000
2926,"F","D",1.000000,85275.000000,"N",52.000000,151.610000,0.000000,"Auto",3.000000
2928,"F","M",1.000000,98453.600000,"Y",43.000000,11.650000,0.000000,"Auto",4.000000
2932,"F","M",2.000000,47639.100000,"N",42.000000,39.620000,0.000000,"CC",3.000000
2935,"F","S",0.000000,39461.000000,"N",22.226667,103.520000,1.000000,"CC",4.000000
2939,"M","S",1.000000,16432.100000,"Y",20.920000,80.470000,0.000000,"CH",4.000000
2945,"F","M",2.000000,59691.300000,"N",38.040000,256.700000,0.000000,"CC",3.000000
2946,"F","S",2.000000,11251.100000,"Y",61.000000,113.480000,0.000000,"CC",4.000000
2959,"F","M",1.000000,30000.000000,"N",20.000000,8.840000,0.000000,"CH",2.000000
2965,"F","S",2.000000,21274.000000,"N",45.526667,32.430000,0.000000,"Auto",4.000000
2972,"M","S",1.000000,94188.300000,"N",57.546667,19.780000,0.000000,"CC",2.000000
2978,"F","S",1.000000,12374.900000,"Y",33.493333,106.100000,0.000000,"Auto",3.000000
2981,"F","M",2.000000,84948.000000,"Y",29.446667,12.580000,0.000000,"CH",1.000000
2993,"F","M",2.000000,38215.900000,"N",30.886667,0.970000,0.000000,"Auto",3.000000
2994,"F","M",1.000000,14085.500000,"N",21.000000,160.420000,0.000000,"CC",1.000000
2995,"F","M",2.000000,49745.300000,"N",47.966667,24.440000,0.000000,"CH",4.000000
2998,"F","M",2.000000,98003.700000,"Y",26.273333,83.390000,0.000000,"CC",4.000000
3000,"F","S",0.000000,74530.800000,"N",63.086667,106.500000,0.000000,"Auto",1.000000
3002,"F","S",0.000000,32962.600000,"N",24.000000,262.910000,0.000000,"CC",4.000000
3007,"F","M",2.000000,76289.200000,"N",48.206667,82.430000,0.000000,"CC",2.000000
3010,"M","S",0.000000,9309.570000,"Y",25.440000,99.730000,0.000000,"CC",2.000000
3011,"F","M",1.000000,28000.000000,"N",23.000000,26.780000,0.000000,"Auto",3.000000
3012,"F","S",0.000000,38000.000000,"N",24.000000,154.770000,0.000000,"CC",1.000000
3024,"F","M",2.000000,64816.600000,"Y",31.126667,6.870000,0.000000,"CC",1.000000
3035,"F","M",2.000000,36647.900000,"N",49.986667,85.960000,0.000000,"CC",4.000000
3036,"F","S",0.000000,64319.200000,"N",41.226667,37.150000,0.000000,"CH",1.000000
3038,"F","S",0.000000,433.740000,"N",60.746667,40.910000,0.000000,"CC",2.000000
3044,"F","M",0.000000,2031.610000,"N",20.300000,87.400000,0.000000,"CC",4.000000
3047,"F","S",2.000000,16938.500000,"N",48.000000,8.760000,0.000000,"CH",1.000000
3057,"F","S",0.000000,42760.500000,"N",43.000000,40.230000,0.000000,"CC",3.000000
3058,"F","S",1.000000,49072.000000,"N",46.000000,10.740000,0.000000,"Auto",1.000000
3059,"F","M",0.000000,27371.800000,"Y",70.000000,126.550000,0.000000,"CC",1.000000
3062,"M","M",0.000000,71472.900000,"N",41.913333,114.200000,0.000000,"CH",3.000000
3063,"F","M",0.000000,95405.700000,"N",46.506667,6.210000,0.000000,"CC",4.000000
3064,"F","S",0.000000,95786.800000,"Y",57.553333,87.460000,0.000000,"CC",2.000000
3083,"M","D",1.000000,20078.000000,"N",32.846667,6.330000,0.000000,"CC",2.000000
3085,"M","M",1.000000,7545.960000,"Y",16.753333,178.360000,0.000000,"CC",3.000000
3094,"F","M",2.000000,42031.800000,"N",50.753333,39.330000,0.000000,"CH",3.000000
3099,"M","S",2.000000,43634.500000,"N",21.780000,104.640000,0.000000,"CC",1.000000
3106,"M","S",0.000000,74460.700000,"Y",55.340000,179.930000,0.000000,"CC",4.000000
3108,"F","S",2.000000,28787.400000,"N",41.666667,58.090000,0.000000,"Auto",2.000000
3115,"F","M",1.000000,20550.900000,"Y",22.120000,57.060000,0.000000,"CC",1.000000
3115,"F","M",1.000000,20550.900000,"Y",22.120000,57.060000,0.000000,"CC",1.000000
3118,"M","S",1.000000,1765.410000,"N",18.766667,44.950000,0.000000,"CC",2.000000
3119,"F","S",2.000000,19131.100000,"N",56.186667,34.910000,0.000000,"Auto",2.000000
3123,"F","S",2.000000,6440.460000,"Y",52.000000,27.200000,0.000000,"CH",4.000000
3130,"M","M",2.000000,91272.200000,"Y",25.033333,13.010000,0.000000,"CC",4.000000
3138,"M","M",1.000000,64792.300000,"N",52.146667,36.840000,0.000000,"CH",4.000000
3140,"F","S",0.000000,93322.100000,"Y",40.313333,8.790000,0.000000,"CH",1.000000
3144,"M","M",0.000000,76161.400000,"Y",44.573333,25.580000,0.000000,"CC",4.000000
3145,"F","M",2.000000,55860.000000,"Y",14.573333,10.350000,0.000000,"CC",2.000000
3152,"M","M",2.000000,57360.800000,"Y",53.253333,57.250000,0.000000,"CC",1.000000
3153,"M","M",1.000000,92414.700000,"Y",45.513333,10.620000,0.000000,"CC",4.000000
3155,"F","S",2.000000,14578.800000,"Y",60.933333,95.100000,0.000000,"Auto",3.000000
3155,"F","S",2.000000,14578.800000,"Y",60.933333,95.100000,0.000000,"Auto",3.000000
3156,"F","M",2.000000,87578.200000,"Y",53.366667,22.150000,0.000000,"CC",3.000000
3157,"F","M",2.000000,86695.400000,"N",13.906667,32.090000,0.000000,"CC",4.000000
3158,"M","M",1.000000,5306.110000,"N",39.093333,17.420000,0.000000,"CH",2.000000
3171,"F","M",1.000000,66921.400000,"Y",43.000000,8.970000,0.000000,"CC",1.000000
3175,"M","M",0.000000,68000.000000,"N",67.000000,26.690000,1.000000,"CC",4.000000
3176,"F","M",2.000000,47639.100000,"N",48.000000,39.620000,0.000000,"CC",4.000000
3179,"F","S",0.000000,39461.000000,"N",22.226667,103.520000,1.000000,"CC",1.000000
3183,"M","S",1.000000,16432.100000,"Y",20.920000,80.470000,0.000000,"CH",3.000000
3186,"F","S",1.000000,540.400000,"Y",39.213333,7.750000,0.000000,"Auto",3.000000
3186,"F","S",1.000000,540.400000,"Y",39.213333,7.750000,0.000000,"Auto",3.000000
3188,"F","M",2.000000,80087.700000,"N",41.920000,22.820000,0.000000,"CC",4.000000
3189,"F","M",2.000000,59691.300000,"N",38.040000,256.700000,0.000000,"CC",1.000000
3195,"F","S",2.000000,3416.620000,"Y",22.760000,104.730000,0.000000,"CC",3.000000
3197,"M","M",0.000000,5745.000000,"Y",15.380000,17.710000,0.000000,"CC",2.000000
3204,"F","M",2.000000,11234.700000,"Y",49.046667,112.720000,0.000000,"CC",2.000000
3206,"F","M",1.000000,82931.300000,"N",64.640000,118.000000,0.000000,"Auto",2.000000
3209,"F","S",2.000000,21274.000000,"N",45.526667,32.430000,0.000000,"Auto",4.000000
3212,"F","M",2.000000,36725.100000,"N",55.793333,77.000000,0.000000,"CH",1.000000
3216,"M","S",1.000000,94188.300000,"N",57.546667,19.780000,0.000000,"CC",2.000000
3223,"F","M",2.000000,69133.900000,"Y",26.833333,37.730000,0.000000,"CH",1.000000
3232,"M","M",2.000000,21416.500000,"N",35.653333,8.530000,0.000000,"CC",3.000000
3237,"F","M",2.000000,38215.900000,"N",30.886667,0.970000,0.000000,"Auto",1.000000
3241,"F","M",2.000000,88427.000000,"N",13.860000,43.340000,0.000000,"CC",4.000000
3254,"M","M",2.000000,9309.570000,"Y",25.440000,99.730000,0.000000,"CC",3.000000
3261,"F","S",1.000000,2800.680000,"N",45.673333,106.300000,0.000000,"CC",3.000000
3269,"F","M",2.000000,98217.100000,"N",44.980000,13.240000,0.000000,"CC",4.000000
3280,"F","S",0.000000,64319.200000,"N",41.226667,37.150000,0.000000,"CH",1.000000
3283,"F","M",2.000000,16962.200000,"N",45.360000,8.960000,0.000000,"CC",2.000000
3295,"F","M",1.000000,8073.110000,"N",43.000000,60.350000,0.000000,"Auto",1.000000
3296,"M","M",1.000000,95448.600000,"Y",53.680000,5.210000,0.000000,"CH",3.000000
3297,"M","S",1.000000,24141.500000,"Y",17.006667,97.050000,0.000000,"CC",3.000000
3298,"M","S",2.000000,63152.600000,"Y",63.173333,40.070000,0.000000,"CC",3.000000
3303,"F","M",0.000000,27371.800000,"Y",61.000000,126.550000,0.000000,"CC",1.000000
3306,"M","M",0.000000,71472.900000,"N",41.913333,114.200000,0.000000,"CH",4.000000
3307,"M","M",0.000000,95405.700000,"N",46.506667,6.210000,0.000000,"CC",1.000000
3308,"M","S",0.000000,95786.800000,"Y",57.553333,87.460000,0.000000,"CC",4.000000
3317,"M","M",0.000000,9780.660000,"N",24.546667,11.320000,1.000000,"CC",2.000000
3325,"M","M",0.000000,19749.300000,"N",60.366667,13.940000,0.000000,"CC",4.000000
3328,"F","M",2.000000,47902.000000,"N",26.033333,49.920000,1.000000,"Auto",3.000000
3329,"M","M",1.000000,7545.960000,"Y",16.753333,178.360000,0.000000,"CC",1.000000
3336,"F","S",1.000000,13576.500000,"N",39.426667,25.660000,0.000000,"CC",2.000000
3338,"F","M",2.000000,42031.800000,"N",50.753333,39.330000,0.000000,"CH",3.000000
3347,"F","S",1.000000,13109.100000,"N",62.606667,40.480000,0.000000,"Auto",2.000000
3348,"M","S",1.000000,92647.500000,"N",56.046667,10.340000,0.000000,"CC",4.000000
3349,"F","S",2.000000,21021.600000,"Y",62.753333,11.190000,0.000000,"CC",2.000000
3350,"M","S",0.000000,74460.700000,"Y",55.340000,179.930000,0.000000,"CC",4.000000
3359,"F","M",1.000000,20550.900000,"Y",22.120000,57.060000,0.000000,"CC",1.000000
3379,"F","S",0.000000,73228.300000,"N",43.000000,28.110000,0.000000,"Auto",1.000000
3382,"M","M",1.000000,64792.300000,"N",52.146667,36.840000,0.000000,"CH",4.000000
3387,"M","M",2.000000,49910.700000,"Y",51.520000,23.720000,0.000000,"CC",2.000000
3389,"F","M",2.000000,55860.000000,"Y",14.573333,10.350000,0.000000,"CC",2.000000
3400,"F","M",2.000000,87578.200000,"Y",53.366667,22.150000,0.000000,"CC",4.000000
3406,"M","M",1.000000,2067.820000,"N",47.853333,70.650000,0.000000,"CC",1.000000
3411,"M","M",1.000000,98680.400000,"Y",58.706667,8.850000,0.000000,"CH",3.000000
3413,"M","M",1.000000,95620.300000,"Y",49.120000,93.610000,0.000000,"CC",1.000000
3414,"F","D",1.000000,85275.000000,"N",62.000000,151.610000,0.000000,"Auto",4.000000
3415,"F","M",1.000000,66921.400000,"Y",47.000000,8.970000,0.000000,"CC",2.000000
3423,"F","S",0.000000,39461.000000,"N",22.226667,103.520000,1.000000,"CC",4.000000
3427,"M","S",1.000000,16432.100000,"Y",20.920000,80.470000,0.000000,"CH",1.000000
3430,"F","S",1.000000,540.400000,"Y",39.213333,7.750000,0.000000,"Auto",4.000000
3433,"F","M",2.000000,59691.300000,"N",38.040000,256.700000,0.000000,"CC",1.000000
3438,"F","S",2.000000,93559.100000,"N",57.620000,29.900000,0.000000,"CC",4.000000
3441,"M","M",0.000000,5745.000000,"Y",15.380000,17.710000,0.000000,"CC",2.000000
3450,"F","M",1.000000,82931.300000,"N",64.640000,118.000000,0.000000,"Auto",4.000000
3451,"F","M",2.000000,57483.900000,"N",44.026667,27.290000,0.000000,"CH",1.000000
3453,"F","S",2.000000,21274.000000,"N",45.526667,32.430000,0.000000,"Auto",1.000000
3454,"F","M",2.000000,28267.000000,"N",30.093333,192.530000,0.000000,"CC",1.000000
3456,"F","M",2.000000,36725.100000,"N",55.793333,77.000000,0.000000,"CH",4.000000
3460,"M","S",1.000000,94188.300000,"N",57.546667,19.780000,0.000000,"CC",2.000000
3463,"F","M",2.000000,91861.000000,"Y",41.980000,6.740000,0.000000,"CC",2.000000
3476,"M","S",0.000000,21416.500000,"N",35.653333,8.530000,0.000000,"CC",2.000000
3481,"F","M",2.000000,38215.900000,"N",30.886667,0.970000,0.000000,"Auto",4.000000
3483,"F","M",2.000000,49745.300000,"N",47.966667,24.440000,0.000000,"CH",2.000000
3487,"M","S",0.000000,89142.700000,"N",53.693333,5.010000,0.000000,"CC",1.000000
3495,"F","M",2.000000,76289.200000,"N",48.206667,82.430000,0.000000,"CC",2.000000
3505,"F","S",1.000000,2800.680000,"N",45.673333,106.300000,0.000000,"CC",1.000000
3512,"F","M",2.000000,64816.600000,"Y",31.126667,6.870000,0.000000,"CC",1.000000
3516,"F","S",0.000000,15989.300000,"N",61.693333,25.490000,1.000000,"CC",2.000000
3523,"F","M",2.000000,36647.900000,"N",49.986667,85.960000,0.000000,"CC",1.000000
3523,"F","M",2.000000,36647.900000,"N",49.986667,85.960000,0.000000,"CC",1.000000
3525,"F","S",1.000000,73338.000000,"N",48.246667,9.010000,0.000000,"Auto",1.000000
3527,"F","M",2.000000,16962.200000,"N",45.360000,8.960000,0.000000,"CC",3.000000
3532,"F","M",0.000000,2031.610000,"N",20.300000,87.400000,0.000000,"CC",3.000000
3532,"F","M",0.000000,2031.610000,"N",20.300000,87.400000,0.000000,"CC",3.000000
3546,"F","S",1.000000,49072.000000,"N",55.000000,10.740000,0.000000,"Auto",1.000000
3550,"M","M",1.000000,71472.900000,"N",41.913333,114.200000,0.000000,"CH",2.000000
3551,"M","M",0.000000,95405.700000,"N",46.506667,6.210000,0.000000,"CC",3.000000
3554,"M","S",0.000000,90321.600000,"N",55.113333,11.520000,0.000000,"CC",4.000000
3555,"M","S",1.000000,90478.600000,"N",54.553333,136.470000,0.000000,"CH",1.000000
3566,"M","M",1.000000,75004.500000,"N",64.800000,32.190000,0.000000,"CC",3.000000
3577,"M","S",2.000000,89459.900000,"N",53.280000,22.900000,0.000000,"CC",3.000000
3582,"F","M",2.000000,42031.800000,"N",50.753333,39.330000,0.000000,"CH",3.000000
3593,"F","S",2.000000,21021.600000,"Y",62.753333,11.190000,0.000000,"CC",2.000000
3596,"F","S",2.000000,28787.400000,"N",41.666667,58.090000,0.000000,"Auto",1.000000
3599,"M","M",1.000000,13091.600000,"N",59.126667,20.260000,0.000000,"CC",1.000000
3607,"F","S",2.000000,19131.100000,"N",56.186667,34.910000,0.000000,"Auto",3.000000
3607,"F","S",2.000000,19131.100000,"N",56.186667,34.910000,0.000000,"Auto",3.000000
3613,"M","S",0.000000,28766.900000,"N",46.840000,58.080000,0.000000,"CC",2.000000
3623,"F","S",0.000000,73228.300000,"N",43.000000,28.110000,0.000000,"Auto",3.000000
3626,"M","M",1.000000,64792.300000,"N",52.146667,36.840000,0.000000,"CH",4.000000
3628,"F","S",0.000000,93322.100000,"Y",40.313333,8.790000,0.000000,"CH",1.000000
3631,"M","M",2.000000,49910.700000,"Y",51.520000,23.720000,0.000000,"CC",1.000000
3632,"M","M",1.000000,76161.400000,"Y",44.573333,25.580000,0.000000,"CC",4.000000
3633,"F","M",2.000000,55860.000000,"Y",14.573333,10.350000,0.000000,"CC",3.000000
3640,"M","M",2.000000,57360.800000,"Y",53.253333,57.250000,0.000000,"CC",4.000000
3641,"M","M",0.000000,92414.700000,"Y",45.513333,10.620000,0.000000,"CC",4.000000
3641,"M","M",0.000000,92414.700000,"Y",45.513333,10.620000,0.000000,"CC",4.000000
3643,"F","S",2.000000,14578.800000,"Y",60.933333,95.100000,0.000000,"Auto",1.000000
3653,"F","M",2.000000,30665.200000,"Y",22.880000,63.280000,0.000000,"Auto",2.000000
3655,"M","M",1.000000,98680.400000,"Y",58.706667,8.850000,0.000000,"CH",2.000000
3657,"M","M",1.000000,95620.300000,"Y",49.120000,93.610000,0.000000,"CC",3.000000
3663,"M","M",0.000000,70000.000000,"N",42.000000,26.690000,1.000000,"CC",4.000000
3663,"M","M",0.000000,70000.000000,"N",42.000000,26.690000,1.000000,"CC",4.000000
3668,"M","M",1.000000,47371.000000,"Y",54.960000,258.290000,0.000000,"CC",4.000000
3672,"F","M",2.000000,67388.000000,"N",53.120000,91.040000,1.000000,"CC",3.000000
3673,"F","M",2.000000,84166.100000,"N",54.013333,11.740000,1.000000,"CC",2.000000
3674,"F","S",1.000000,540.400000,"Y",39.213333,7.750000,0.000000,"Auto",4.000000
3675,"M","M",2.000000,59613.100000,"N",34.320000,163.410000,0.000000,"CC",1.000000
3676,"F","M",2.000000,80087.700000,"N",41.920000,22.820000,0.000000,"CC",2.000000
3678,"F","S",2.000000,11251.100000,"Y",43.000000,113.480000,0.000000,"CC",2.000000
3679,"M","M",2.000000,45429.700000,"Y",61.713333,73.040000,0.000000,"CH",2.000000
3681,"M","M",1.000000,84166.100000,"N",54.013333,11.740000,1.000000,"CC",1.000000
3682,"F","S",2.000000,93559.100000,"N",57.620000,29.900000,0.000000,"CC",4.000000
3684,"F","D",1.000000,93454.300000,"Y",48.533333,25.180000,0.000000,"Auto",1.000000
3685,"M","M",0.000000,5745.000000,"Y",15.380000,17.710000,0.000000,"CC",3.000000
3686,"M","M",2.000000,59613.100000,"N",34.320000,163.410000,0.000000,"CC",2.000000
3686,"M","M",2.000000,59613.100000,"N",34.320000,163.410000,0.000000,"CC",2.000000
3687,"M","M",2.000000,45429.700000,"Y",61.713333,73.040000,0.000000,"CH",3.000000
3688,"M","M",1.000000,67388.000000,"N",53.120000,91.040000,1.000000,"CC",4.000000
3689,"M","M",0.000000,84166.100000,"N",54.013333,11.740000,1.000000,"CC",1.000000
3692,"F","M",2.000000,11234.700000,"Y",49.046667,112.720000,0.000000,"CC",1.000000
3696,"M","M",2.000000,59613.100000,"N",34.320000,163.410000,0.000000,"CC",4.000000
3696,"M","M",2.000000,59613.100000,"N",34.320000,163.410000,0.000000,"CC",4.000000
3697,"F","S",2.000000,21274.000000,"N",45.526667,32.430000,0.000000,"Auto",1.000000
3700,"F","M",2.000000,36725.100000,"N",55.793333,77.000000,0.000000,"CH",1.000000
3702,"M","M",0.000000,84166.100000,"N",54.013333,11.740000,1.000000,"CC",1.000000
3703,"M","M",0.000000,67388.000000,"N",53.120000,91.040000,1.000000,"CC",3.000000
3704,"M","S",1.000000,94188.300000,"N",57.546667,19.780000,0.000000,"CC",2.000000
3704,"M","S",1.000000,94188.300000,"N",57.546667,19.780000,0.000000,"CC",2.000000
3706,"M","M",2.000000,59613.100000,"N",34.320000,163.410000,0.000000,"CC",1.000000
3712,"M","M",0.000000,84166.100000,"N",54.013333,11.740000,1.000000,"CC",1.000000
3714,"F","M",2.000000,30998.800000,"N",40.960000,50.500000,0.000000,"Auto",1.000000
3715,"M","M",2.000000,59613.100000,"N",34.320000,163.410000,0.000000,"CC",2.000000
3717,"M","M",0.000000,67388.000000,"N",53.120000,91.040000,1.000000,"CC",4.000000
3719,"M","M",2.000000,59613.100000,"N",34.320000,163.410000,0.000000,"CC",4.000000
3720,"M","M",2.000000,21416.500000,"N",35.653333,8.530000,0.000000,"CC",3.000000
3721,"M","M",2.000000,45429.700000,"Y",61.713333,73.040000,0.000000,"CH",2.000000
3722,"M","M",1.000000,67388.000000,"N",53.120000,91.040000,1.000000,"CC",4.000000
3729,"F","M",2.000000,88427.000000,"N",13.860000,43.340000,0.000000,"CC",3.000000
3741,"M","M",1.000000,66931.900000,"N",63.933333,5.350000,0.000000,"CC",1.000000
3742,"F","M",2.000000,9309.570000,"Y",25.440000,99.730000,0.000000,"CC",4.000000
3756,"F","M",2.000000,64816.600000,"Y",31.126667,6.870000,0.000000,"CC",4.000000
3757,"F","M",2.000000,98217.100000,"N",44.980000,13.240000,0.000000,"CC",2.000000
3760,"F","S",0.000000,15989.300000,"N",61.693333,25.490000,1.000000,"CC",1.000000
3776,"F","M",0.000000,2031.610000,"N",20.300000,87.400000,0.000000,"CC",2.000000
3779,"F","S",2.000000,16938.500000,"N",42.000000,8.760000,0.000000,"CH",2.000000
3783,"F","M",1.000000,8073.110000,"N",47.000000,60.350000,0.000000,"Auto",1.000000
3790,"F","S",1.000000,49072.000000,"N",52.646667,10.740000,0.000000,"Auto",1.000000
3800,"F","M",2.000000,56187.000000,"N",43.000000,13.740000,0.000000,"CH",2.000000
3803,"M","M",2.000000,29616.000000,"N",49.426667,45.500000,0.000000,"CH",2.000000
3806,"M","S",1.000000,41690.500000,"Y",14.640000,28.950000,0.000000,"CC",2.000000
3808,"M","S",2.000000,96.330000,"N",56.473333,32.880000,1.000000,"CC",1.000000
3811,"F","M",2.000000,52004.800000,"N",25.140000,23.110000,0.000000,"CH",3.000000
3823,"F","M",0.000000,83891.900000,"Y",61.020000,45.470000,0.000000,"CH",4.000000
3824,"F","M",2.000000,28220.800000,"N",38.766667,12.460000,0.000000,"CC",4.000000
